-0.20371,-0.28868,0.0089747,-0.1438,0.39447,0.046424,0.08939,0.055492,0.16818,-0.080667,0.14182,-0.042776,-0.0045932,-0.039529,0.17512,-0.13351,0.13013,0.049907,0.086113,0.037478,0.025133,-0.010235,0.14124,-0.1196,0.2592,-0.094678,-0.049284,0.074542,0.017258,0.024014,-0.038009,-0.0030263,-0.061378,-0.12218,0.0024285,0.078945,-0.023181,0.070365,-0.3156,-0.040271,-0.019984,-0.14293,-0.057776,-0.025169,0.10836,-0.17212,0.15459,-0.00012333,-0.018184,-0.011214,0.071537,0.060717,0.031526,-0.231,0.075091
-0.32482,-0.19988,-0.079764,-0.045799,0.36666,0.037933,0.089705,0.021183,0.22669,-0.17697,0.048363,-0.020968,0.043426,0.00036827,0.015345,-0.21091,0.034782,-0.0029075,0.01771,0.11741,-0.028014,0.037823,0.2164,-0.12178,0.18183,-0.14989,-0.032055,0.10261,0.00042039,0.15666,0.033076,-0.043164,0.0075876,-0.10885,0.036178,-0.03555,-0.004332,0.14342,-0.1304,-0.10397,-0.035294,-0.14188,-0.050172,0.020874,0.14091,-0.10309,0.21845,0.013483,-0.057789,0.014386,0.052938,0.17258,0.0049496,-0.27876,0.051524
-0.43232,-0.027296,-0.1543,-0.091687,0.35054,0.075217,-0.010781,0.069707,0.04177,-0.17293,0.32359,-0.089942,0.051654,-0.058205,0.17389,-0.15134,0.17873,0.0071703,0.068717,0.059427,-0.06018,0.049597,0.21784,-0.075998,0.18669,-0.14897,-0.011741,0.11783,0.068205,-0.025741,-0.018046,-0.015528,-0.049117,-0.22493,0.044725,-0.10442,0.015951,0.12089,0.0012174,-0.054056,0.037776,-0.088896,-0.077829,-0.0064847,0.15314,-0.053955,0.19476,0.008864,-0.0080652,0.065575,0.07534,-0.0012565,0.046993,-0.20647,0.034471
-0.14574,0.063658,-0.16695,0.01256,-0.23831,0.16952,-0.00031094,0.046715,0.21829,-0.16095,-0.018099,-0.0793,0.20208,-0.060859,-0.1879,-0.17278,0.062429,0.086432,-0.096509,-0.017459,-0.016875,0.025193,0.30834,0.032315,0.1473,-0.047817,-0.08668,0.046347,0.028207,0.073817,-0.020247,-0.029785,-0.024735,-0.13365,0.055662,-0.11367,0.025929,0.05125,0.31712,0.073407,0.086772,0.033597,-0.021512,-0.008756,0.17671,-0.023301,0.098924,0.032526,0.017723,0.04916,0.065105,0.08432,0.034784,-0.079102,-0.066729
0.10369,0.037083,-0.045943,0.13332,-0.20752,0.22355,-0.029659,-0.037721,0.090827,-0.11253,0.025873,-0.13662,0.26641,-0.0020887,-0.025853,0.033255,-0.066138,0.11474,-0.0017883,-0.058246,-0.066364,-0.039568,0.079344,-0.041052,0.1421,-0.0551,-0.12593,0.049771,0.044403,0.07024,-0.057809,0.00059992,0.064831,-0.061526,-0.024271,0.12822,0.045316,0.069709,0.10126,0.11297,0.028453,-0.10015,-0.028641,0.085479,0.17946,-0.064778,-0.044982,0.11697,-0.0014023,-0.00029061,0.06516,-0.039383,0.03698,0.056364,-0.097708
0.20573,0.11538,0.070359,0.17363,-0.27267,0.12891,0.03994,0.024124,0.072395,0.056073,0.06742,-0.049482,0.18912,-0.018505,-0.093384,-0.0044222,0.0087091,0.14975,0.020885,-0.018084,-0.054405,-0.059913,0.10503,0.052171,0.36538,-0.091609,-0.17174,-0.049659,0.064094,0.1575,-0.19308,-0.027777,-0.035343,-0.008455,0.0092241,0.21797,0.031251,0.030856,0.016975,-0.02139,0.037861,0.039299,0.14948,0.039017,0.16498,-0.087198,-0.14952,0.12817,0.024044,0.019682,-0.013359,-0.080422,-0.010014,0.080057,-0.12405
0.11196,-0.010342,-0.0052308,0.13333,-0.15845,0.1614,-0.076781,0.016826,0.062278,0.14869,0.1191,0.064256,-0.022487,0.030228,0.081097,0.17452,-0.013499,0.10094,0.15013,-0.066807,0.015455,-0.037623,0.074352,0.085322,0.49907,0.076227,-0.058135,-0.0074439,0.061838,0.20972,-0.18127,-0.013008,-0.10962,0.092821,-0.076501,0.18543,-0.037998,-0.0081237,-0.07481,0.055205,-0.030321,0.039066,-0.1459,-0.0085588,0.14677,-0.032822,-0.083576,0.0933,-0.046608,0.00185,-0.12818,-0.16739,-0.0064395,0.040258,-0.087625
-0.16347,-0.096783,0.053587,0.0073485,-0.30386,0.26727,-0.0086844,0.060598,0.028125,0.010761,0.13189,0.093335,-0.16208,0.0064619,0.17303,0.10856,0.094481,-0.0034693,0.073866,-0.088356,0.2042,-0.0053575,0.13464,0.0074693,0.4338,0.12665,0.057957,-0.0051303,-0.022032,0.059456,-0.16712,0.032582,-0.12971,0.16134,-0.056887,-0.025538,-0.039727,-0.10574,-0.071188,0.080637,0.022101,0.0024262,0.16347,-0.11623,0.032606,0.0952,-0.012656,0.035493,-0.031507,0.056772,-0.15095,-0.034814,0.030249,-0.0042009,-0.018606
-0.32377,-0.085527,-0.096954,-0.071319,-0.14486,0.074483,-0.028134,-0.0046629,0.19367,-0.18598,-0.19674,0.086723,-0.18286,-0.056109,0.068507,0.070916,-0.012616,-0.20956,0.027444,0.029506,0.20805,-0.019183,-0.010712,0.0091599,0.21508,0.10285,0.12368,0.04671,-0.052993,-0.016254,0.049894,0.086284,-0.092976,0.15677,-0.067981,-0.21454,-0.058635,-0.08609,-0.13203,0.1021,-0.026953,0.051572,0.29525,-0.13156,0.034618,0.1554,0.079573,-0.042184,-0.0042899,-0.0071888,-0.14023,-0.059125,0.044469,0.045096,-0.047341
-0.50394,-0.055852,-0.076045,-0.053561,-0.086462,0.13661,-0.021591,-0.0017228,0.033782,-0.2382,-0.24987,0.076894,-0.1647,-0.020398,-0.094145,-0.048197,0.00095891,-0.12721,0.0053788,0.11286,0.15667,-0.022001,0.098609,0.088199,0.29217,-0.12545,0.097391,0.017932,-0.074917,0.047591,0.13328,0.0065021,0.014494,0.094478,-0.037299,-0.29973,-0.036439,-0.048139,-0.11011,-0.016097,0.00017462,0.078528,0.17059,0.0062709,-0.006585,0.12742,0.092654,-0.031734,0.003096,-0.074029,-0.12056,-0.00054296,0.059079,0.01062,0.0085033
-0.48845,-0.2236,-0.12173,0.038154,-0.10997,0.18088,-0.37775,-0.1181,0.23093,-0.20245,0.018923,0.034171,-0.082809,0.15661,-0.061775,-0.10782,0.027822,-0.0041894,0.053408,0.089521,-0.013673,-0.043356,0.20386,-0.023406,0.16486,-0.082976,-0.03532,0.057774,-0.074961,-0.035038,0.16107,-0.0099217,-0.075852,-0.089221,-0.010957,-0.20779,0.0080628,0.064304,-0.14742,-0.12724,0.018433,-0.038501,0.029147,0.087387,0.10804,0.0097169,0.029131,0.0092619,-0.012077,-0.15401,-0.095892,0.15484,0.076071,0.078245,0.060971
-0.40913,-0.16038,-0.081256,0.057366,-0.16441,0.33708,-0.1743,-0.074071,0.17409,-0.40515,0.21478,0.10909,0.10614,0.070963,-0.022394,-0.14801,0.062609,0.015966,-0.02777,-0.10376,-0.2656,-0.015083,0.13783,0.00089567,0.065058,0.023307,-0.12055,0.066994,0.020705,0.022366,0.087712,-0.033736,-0.0018648,-0.046464,0.037584,-0.12326,0.029202,0.070406,-0.09336,-0.06845,0.021484,-0.077345,0.096606,0.173,0.073901,-0.20428,0.033992,-0.031534,0.057188,0.0038985,0.051311,0.099331,0.10259,0.069009,-0.00041151
-0.30562,-0.18582,-0.0044924,0.079452,0.044362,0.31734,-0.075208,-0.065915,0.16497,-0.30113,0.11742,-0.00023171,0.087372,0.12393,0.1917,-0.17516,0.023218,0.13119,-0.073602,-0.064177,-0.24586,-0.0017636,0.18896,-0.11015,0.24027,-0.067738,-0.08574,0.076055,0.091188,0.17481,0.068685,-0.04765,0.03041,-0.060337,0.13169,0.050778,0.016828,0.099493,-0.054348,0.15047,0.02374,-0.035427,-0.061353,0.043415,0.070182,-0.25074,0.052649,-0.034332,0.024408,0.10867,0.10161,-0.026519,0.012609,0.091493,0.0060935
0.12847,-0.14577,-0.0010144,0.049704,0.14533,0.07519,-0.076349,-0.044356,0.28998,0.021027,-0.073072,-0.012115,0.15632,-0.026657,0.05491,0.12895,0.051175,0.29091,-0.097235,-0.018812,-0.21866,-0.049996,0.19834,0.012357,0.32296,-0.056293,-0.13174,0.011042,0.030652,-0.010636,-0.14315,-0.028528,0.031666,0.065561,0.064818,0.022811,-0.082352,-0.044174,0.049176,0.087667,-0.02009,-0.10261,0.020572,-0.06179,0.034383,-0.25571,0.064815,-0.025673,0.023226,0.12765,0.11875,0.10937,0.049786,0.052748,-0.043988
0.14889,-0.065784,-0.11297,-0.087564,0.07853,-0.018301,0.082948,-0.058477,0.29452,-0.0084914,0.050834,-0.096998,0.10165,-0.14223,-0.11013,0.027529,-0.039592,0.12226,-0.070461,0.014016,-0.19399,-0.054636,0.17539,0.093415,0.42644,-0.068813,-0.1339,0.024243,-0.013451,-0.00073566,-0.19855,0.0035878,0.040844,0.082339,0.028894,-0.028538,-0.056427,-0.12304,0.18211,0.022662,0.031426,0.12582,0.093237,-0.14932,0.099626,-0.0078857,0.11966,-0.052679,0.033893,0.039661,0.044738,0.16714,0.094716,0.069944,-0.067319
-0.20127,-0.071443,-0.096835,-0.059056,0.28906,0.16065,-0.041185,0.032395,0.11944,0.05584,0.23289,-0.014933,0.066076,-0.17305,0.051926,-0.0417,-0.0001013,0.073041,0.049862,-0.028,-0.11916,-0.096799,0.21944,0.10671,0.42781,0.0067936,-0.034064,0.041624,-0.082386,0.10789,-0.11503,0.020818,0.088194,0.046725,-0.056642,-0.075192,-0.069102,-0.098571,0.14656,-0.13066,-0.037096,0.067079,-0.077048,-0.12922,0.049337,-0.028063,0.068042,-0.0047083,-0.11759,-0.011126,-0.033286,0.0352,0.06751,0.05879,-0.043555
-0.37949,-0.12913,-0.11529,-0.040651,0.27419,0.29188,-0.021972,0.079712,-0.026626,0.19753,-0.02325,-0.096186,-0.07432,-0.057802,0.037209,0.05234,0.2973,0.067373,0.027283,-0.00085839,0.012037,-0.13293,0.271,0.092786,0.23291,0.001699,0.080728,0.079157,-0.10582,0.10227,0.020054,0.028486,0.013328,0.069144,-0.052596,-0.070263,-0.068535,-0.08089,0.27191,0.005761,-0.039475,-0.072022,-0.35052,-0.029375,-0.024275,0.015012,0.07772,0.050822,-0.10413,-0.12202,-0.11639,0.13389,-0.0074758,0.043892,-0.030415
-0.30954,-0.10394,-0.023348,-0.011835,0.27907,0.25285,0.028011,0.047362,0.20013,-0.0011607,0.060243,-0.073873,0.041096,0.054812,0.086239,-0.012984,0.076427,-0.10364,0.076591,-0.043408,0.043972,-0.014892,0.22105,-0.014552,0.11188,0.11403,-0.00068309,0.071535,-0.030328,-0.098679,-0.013163,0.01855,-0.1263,-0.070383,-0.062145,0.080176,-0.029865,-0.032642,0.10459,-0.037587,0.00985,-0.063696,-0.1725,0.15568,-0.0011632,-0.023448,0.16041,0.14623,-0.041127,-0.094397,-0.17815,0.0099698,-0.10848,0.08086,0.017866
-0.20168,0.10819,0.060016,-0.037326,0.069462,0.18195,0.049595,0.038735,0.30411,-0.098076,-0.14494,0.0022477,0.070361,0.1567,-0.21307,-0.042311,0.029647,-0.12376,-0.030603,0.068815,-0.019425,0.043392,0.32316,0.055631,0.18919,-0.12419,-0.082656,-0.0019995,0.052628,0.015092,0.092732,0.013422,-0.12874,-0.0096889,-0.036392,0.11641,0.018657,-0.012358,0.21611,-0.025081,0.012414,0.083553,-0.047255,0.24656,0.024112,0.0071018,0.084459,0.010378,-0.024829,0.033053,-0.12375,-0.089617,-0.112,0.043526,0.0023977
-0.067919,0.11505,-0.00091778,-0.13963,0.023223,0.097677,0.08104,0.064529,0.034811,-0.0078457,0.22175,0.0082325,-0.010264,0.11452,-0.02986,0.068782,0.11887,0.058174,-0.0068022,-0.035023,0.019484,0.078163,0.19889,0.032675,0.24939,-0.095926,0.03298,0.024407,-0.016779,-0.091399,0.070461,-0.014668,-0.050947,-0.019499,0.02134,0.13686,0.0074182,0.066418,0.087945,-0.069523,-0.039897,-0.047598,-0.15501,0.17019,-0.0047524,-0.050933,0.040055,0.039393,-0.013671,0.11519,0.0017896,-0.053644,-0.059144,0.042305,-0.095746
-0.19984,0.1085,0.0039561,-0.06784,0.0070996,0.06402,-0.12634,0.017478,0.010946,0.067841,0.20578,0.053972,0.1167,0.015665,-0.02141,0.096413,-0.0059123,0.11178,-0.026249,-0.01104,-0.093441,-0.023307,0.14788,0.059951,0.4422,-0.03688,0.047789,-0.016024,0.01877,-0.06188,0.00076763,-0.069208,-0.035072,0.096653,-0.047507,0.11468,-0.071348,0.055478,-0.031245,-0.23041,-0.0093516,-0.078711,0.06858,-0.017955,-0.026141,-0.095099,0.047664,0.028781,0.082936,0.13988,-0.025804,0.064571,0.014159,-0.098412,-0.094222
-0.30861,0.0093133,-0.1141,-0.12173,0.23003,-0.0020992,-0.036313,0.0058252,0.053021,-0.074676,0.039002,-0.064546,0.15186,-0.06264,0.027519,0.10375,0.10539,0.10828,-0.015175,0.058515,-0.14961,-0.048218,0.054523,0.026046,0.34202,0.036688,0.079488,0.012473,0.096602,-0.059253,0.030077,-0.053157,0.075785,0.069719,-0.023308,0.11489,-0.016659,0.11041,-0.10478,-0.093385,-0.0052749,-0.14997,0.051042,-0.048557,0.068954,0.10353,0.082646,0.051918,0.076528,0.028638,0.031948,-0.14862,-0.01295,0.030589,-0.034313
-0.44939,0.13015,-0.067098,-0.18727,-0.10382,0.16524,0.17311,0.022702,0.07622,-0.091223,0.014859,-0.0092611,0.098615,-0.090236,0.03808,-0.081372,-0.05906,0.2043,-0.022891,0.078475,0.13838,0.076905,0.19099,0.02724,0.27263,0.026894,0.068215,-0.029453,0.009625,0.11626,0.081522,-0.093686,0.072409,0.031092,-0.022269,-0.097047,-0.00082538,0.079658,0.18373,-0.10786,0.037421,0.039079,0.038818,-0.10387,0.054435,0.15594,0.067529,0.052736,-0.032584,0.1085,0.073533,-0.014823,0.032596,-0.032306,-0.049902
-0.45148,0.11328,-0.020905,0.03125,-0.21483,0.26733,0.077036,0.010039,0.10597,0.12137,-0.063967,-0.011646,0.17857,-0.02821,-0.16701,-0.0079434,0.07254,0.15981,-0.052273,-0.0064477,0.0058916,0.061754,0.24208,0.02836,-0.042004,0.030232,-0.081253,-0.01148,0.014908,0.055305,0.021241,-0.00017581,-0.080309,-0.05944,-0.022953,-0.14352,0.041014,-0.023237,0.27215,-0.083531,0.083853,0.030811,-0.050384,-0.13231,0.10098,0.19783,0.016341,0.094259,0.011546,-0.039196,0.107,0.0031227,-0.01502,0.062527,-0.026191
-0.32228,0.10805,0.08026,0.24419,-0.27562,0.41072,-0.031926,-0.072157,-0.0046522,0.016033,-0.073259,0.043937,0.13865,0.013959,-0.045127,0.0048717,0.098209,0.054791,0.001005,-0.035893,0.17427,0.07354,0.22489,-0.087809,-0.10907,-0.062083,-0.15057,0.02215,0.069182,0.024636,-0.055883,0.034527,-0.0459,-0.10478,0.053002,0.0070489,0.075639,-0.021268,0.19515,0.079411,0.075867,-0.050661,0.17237,0.0047066,0.038868,0.15295,-0.0095186,0.097398,-0.038154,-0.055854,0.096361,-0.08488,-0.02487,0.05437,-0.03913
-0.0070793,0.13095,0.061722,0.22157,-0.58837,0.39282,-0.0037036,0.0055839,0.036541,-0.025497,-0.099789,0.12594,-0.0016419,0.056831,-0.076747,-0.026162,0.0024104,-0.033696,0.020566,0.030351,0.14735,0.043209,0.17288,-0.12829,0.10588,-0.10227,-0.11874,0.0015302,0.096977,0.16299,-0.1041,0.01036,0.0019548,0.013544,0.053238,0.14895,0.049719,-0.055415,0.1776,0.14512,0.036049,0.021987,0.035685,0.12375,0.083994,0.079986,-0.15205,0.08328,-0.092981,-0.054116,-0.066181,-0.019557,0.012794,0.062061,-0.1097
0.13715,-0.066884,0.17943,0.10194,-0.66825,0.40213,0.025003,-0.030415,0.04328,0.10114,0.12701,0.017403,-0.26166,0.07974,-0.095458,0.039153,0.024604,-0.0054957,0.068501,-0.11839,0.20551,-0.048516,0.14257,-0.079388,0.37718,-0.0020334,-0.040653,0.00065872,-0.0001477,0.050742,-0.099105,0.015031,-0.076306,0.019927,0.096216,0.23676,0.0033065,-0.031325,-0.071593,0.033483,0.03072,0.13357,-0.10215,0.12511,0.10067,0.048715,-0.080841,-0.01349,-0.045013,-0.085133,-0.06654,-0.027031,0.046632,0.097515,-0.032343
0.059334,-0.24574,0.19511,-0.010784,-0.50364,0.39563,-0.028195,-0.072095,0.0065905,0.072167,-0.044963,0.0026619,-0.19968,-0.090223,-0.15397,0.031066,-0.086903,-0.087594,-0.040405,-0.20235,0.017167,-0.077298,0.044093,-0.027671,0.36893,0.080915,0.10023,0.0083784,-0.0033828,0.054124,-0.14955,0.035671,-0.042767,0.089444,0.068684,0.18552,-0.068692,-0.039214,-0.092955,-0.089839,0.002334,0.025649,-0.058576,0.072529,0.074039,0.014587,-0.095884,-0.089492,-0.024045,0.014015,-0.060047,-0.039309,0.033245,0.028031,0.0033
-0.11087,-0.28437,0.1417,-0.04755,-0.29904,0.30859,-0.017227,0.095791,-0.040997,-0.11911,0.19889,-0.063202,-0.073487,-0.037081,0.067413,0.0014527,0.066775,-0.077058,-0.019942,-0.22355,-0.087151,-0.11446,-0.095631,0.0080368,0.54622,0.11046,0.14875,0.010564,0.047035,-0.038479,-0.18623,0.046791,-0.035131,-0.028064,0.05779,0.01325,-0.014223,-0.043764,-0.13717,-0.11248,0.028273,-0.068492,0.033127,0.058271,0.099233,0.032652,-0.019612,-0.02701,-0.025203,0.090037,-0.073384,-0.14934,0.13453,0.025458,-0.021862
-0.15186,-0.36536,0.20632,0.12731,0.052195,0.20591,-0.038225,-0.022911,0.1206,-0.0026097,-0.20219,-0.134,0.04309,0.065685,-0.042577,0.025024,0.093043,-0.033342,-0.040387,-0.15256,-0.097105,-0.12739,-0.10758,0.020893,0.52977,0.044986,0.15293,-0.016713,-0.026453,0.049534,-0.046857,-0.03014,0.047737,0.037855,-0.018844,-0.073625,-0.041808,-0.011312,-0.11332,-0.050818,0.027153,-0.1008,0.13338,0.0017678,0.068278,0.12048,-0.014648,0.051728,-0.045519,0.10505,-0.12277,-0.090134,0.068087,0.036377,0.0038297
-0.29861,-0.31687,0.090747,0.15374,0.30501,0.16955,-0.0032873,0.033933,0.21977,-0.14531,-0.054914,-0.099402,0.17995,0.11178,-0.10292,-0.03392,0.028468,-0.18873,-0.040178,-0.12349,-0.20165,-0.06831,-0.19222,0.079822,0.48069,0.0095337,0.034209,0.053927,0.031014,0.021679,0.0055575,-0.029648,-0.014637,-0.018623,-0.14,-0.17268,-0.0038571,0.0071369,-0.021749,-0.0052175,0.0085733,-0.01175,0.14993,2.0318e-05,0.12521,0.16687,-0.11447,0.044435,0.033976,0.019934,-0.026064,-0.097851,0.11061,0.090135,0.0067351
-0.49769,-0.328,0.045736,0.039494,0.4077,0.15091,-0.14612,0.022678,0.26746,-0.14219,0.087496,0.018969,0.1696,0.083416,-0.0029127,-0.10087,-0.007938,-0.11951,-0.081579,-0.17683,-0.11876,0.042419,0.036724,0.059398,0.40604,0.063655,0.029894,0.030678,0.03236,0.0020305,-0.042265,-0.010365,-0.045232,-0.029853,-0.080307,-0.10906,0.020659,-0.0081439,0.064038,0.11735,-0.011354,-0.02003,0.1607,-0.040086,0.11189,0.096723,-0.18326,0.0026893,0.019863,0.014756,0.077916,-0.095309,0.046225,0.07768,0.07965
-0.50843,-0.17179,-0.10082,0.097325,0.79023,0.010029,-0.11301,0.050474,0.29802,-0.16645,-0.14963,0.044868,0.12804,0.13437,0.15425,-0.058755,0.012061,-0.12775,-0.01115,-0.025262,0.025385,0.052477,0.11479,0.069143,0.4766,-0.039117,-0.071865,0.06445,0.010094,0.033092,0.062929,0.018774,-0.0028145,0.14999,-0.077228,0.050877,-0.0081474,-0.096914,-0.032109,0.14166,0.0025152,0.015044,0.063658,-0.10199,0.071772,-0.08448,-0.14647,0.013063,0.0096356,-0.10992,-0.012423,0.073558,-0.0069801,0.081031,0.025285
-0.55135,0.017341,-0.32388,-0.07322,0.74441,0.01113,-0.14908,0.05629,0.12313,-0.21808,-0.047167,0.1106,0.007213,-0.062861,0.22125,-0.0281,0.088537,-0.077174,0.026417,-0.012833,0.10958,0.054938,0.32878,0.0296,0.38611,-0.11589,-0.056586,0.10636,-0.031174,-0.093267,0.052299,0.004264,0.043135,0.14348,-0.01806,0.047825,-0.070164,-0.061316,-0.13288,0.1086,-0.011636,0.025629,0.11031,-0.018818,-0.0040012,-0.12377,-0.073941,-0.032733,0.05142,-0.059793,0.005342,0.0076073,-0.11512,0.031542,0.06597
-0.61061,0.31001,-0.27598,-0.14437,0.49389,0.11654,-0.16533,0.086444,0.17872,-0.16326,0.17636,0.093488,-0.13051,-0.12598,0.12559,-0.18099,0.0019583,0.00065154,-0.037804,0.065819,0.090395,0.075712,0.37801,0.0034469,0.25021,-0.068729,-0.063779,0.12484,-0.0091566,-0.013003,0.029355,-0.017973,0.050836,0.039551,0.039571,-0.051446,-0.062556,-0.01595,-0.10232,-0.041707,-0.0097482,0.016807,-0.098417,0.044081,0.018002,-0.0070608,-0.027336,-0.016236,0.055906,-0.046026,0.009526,0.025691,-0.13261,0.029148,0.038033
-0.62324,0.34112,-0.046809,-0.11144,0.048079,0.25036,-0.10921,-0.0078286,0.26848,-0.019838,0.07285,0.010089,-0.1286,-0.083868,-0.11646,-0.11283,0.02553,0.092985,-0.034901,0.15641,0.022842,-0.008986,0.3791,0.040482,-0.11315,0.014667,-0.1312,0.055853,-0.073233,-0.00043444,0.065189,-0.062113,0.06375,-0.014719,0.12495,-0.16544,-0.0075083,-0.0090845,-0.058762,0.0030532,0.0089057,0.018706,-0.27672,0.10456,-0.0066842,-0.087544,0.066069,0.022159,-0.0061504,-0.025418,-0.050679,0.10412,-0.1052,0.071119,0.016793
-0.50777,0.28341,0.049075,-0.034855,-0.36046,0.40093,-0.10872,0.032128,0.22408,-0.01124,0.080673,-0.042775,0.017517,-0.064499,-0.25118,-0.12688,0.12657,0.039615,-0.035817,0.15183,-0.22224,-0.047732,0.41293,-0.0073717,-0.11595,-0.11825,-0.1671,0.046967,-0.040038,-0.038083,0.086705,-0.081582,0.018173,-0.091775,0.11525,-0.12655,0.033041,0.11118,0.032511,-0.043204,0.075613,-0.042005,-0.064045,0.10871,0.060544,-0.013599,0.035534,0.0048961,0.045729,0.059389,-0.047904,0.048767,-0.039882,0.049376,0.051693
-0.1793,0.16344,0.12902,0.018951,-0.6017,0.38353,-0.044872,0.095648,0.10898,0.044924,0.13021,-0.092712,0.13842,-0.0058424,-0.059423,-0.037777,0.019138,0.089001,-0.053844,0.13976,-0.31287,-0.038053,0.23335,-0.092156,0.13699,-0.20067,-0.14089,0.043997,0.022078,-0.0057921,0.037985,-0.10155,-0.025043,-0.089192,-0.016213,-0.030865,0.038627,0.060455,0.080158,0.049009,0.053387,-0.08141,-0.10355,0.083931,0.07643,-0.13332,-0.083624,0.024548,0.059881,0.15342,0.042035,-0.10353,0.081442,0.11843,0.03005
0.098299,-0.13405,0.25973,0.0025235,-0.62577,0.42285,0.24697,0.011856,0.12138,0.15001,0.18526,-0.1386,0.085852,0.15067,-0.074384,-0.06474,-0.021832,0.09273,-0.081969,-0.065355,-0.16572,-0.022427,0.1422,-0.094786,0.29634,0.025311,-0.1044,0.0072231,0.050614,0.11969,-0.05085,-0.13727,-0.099456,-0.058846,-0.0012106,0.18772,0.061146,0.076539,0.1341,0.22135,0.065676,-0.012201,-0.33206,-0.012983,0.11942,-0.08389,-0.078332,0.017534,0.017094,0.03525,0.070492,-0.041409,0.052094,0.09064,-0.019341
0.12812,-0.22896,0.089234,-0.069886,-0.45385,0.21709,0.13133,0.010233,0.027624,0.27376,-0.018516,-0.023454,0.13981,0.13096,-0.093509,0.066183,0.09456,0.062986,-0.024288,-0.057983,-0.13894,0.0063304,0.15662,-0.050183,0.45112,0.021548,-0.083291,-0.07988,0.0557,-0.002235,-0.085683,-0.066513,-0.13134,0.10492,-0.040594,0.20828,-0.0086402,0.0927,0.046519,0.027938,0.037363,-0.056431,-0.096041,-0.092841,0.083765,-0.063418,-0.072609,0.0057726,0.028244,-0.017006,0.027051,-0.016737,0.01604,0.095215,0.028925
0.084614,-0.23183,-0.044527,-0.10423,-0.34267,0.034616,-0.026845,0.095027,0.017519,0.21361,-0.025288,0.12097,0.036902,0.0647,-0.1339,0.093522,-0.048757,-0.021687,-0.010357,-0.12458,0.10534,0.06983,-0.094351,0.088733,0.61242,0.009848,0.034952,-0.078338,0.044614,0.15264,-0.076108,-0.013079,-0.07511,0.14625,-0.14004,0.12888,-0.042476,0.04821,0.096561,-0.007444,0.01946,0.052457,0.14276,-0.10681,0.15556,-0.011323,-0.14901,-0.044163,-0.0049002,0.040169,-0.011299,-0.10112,0.1047,0.0394,-0.058877
-0.20879,-0.31656,0.050218,-0.20102,-0.065117,0.084661,0.040792,-0.038791,0.1136,0.10162,-0.027496,0.039786,-0.16413,0.041697,-0.073076,0.046138,-0.064978,-0.058081,0.014643,-0.15368,0.42699,0.10856,-0.11375,0.1708,0.51902,0.23904,0.14594,-0.040662,0.076232,0.14376,0.00070068,0.0026095,-0.0037361,0.1472,-0.056531,0.047002,-0.067578,-0.012442,-0.017325,0.048596,0.042817,0.12938,0.13126,-0.11182,0.13991,0.097463,-0.1549,0.020274,-0.0064069,-0.026281,-0.027027,-0.12629,0.070191,-0.015486,-0.075191
-0.54434,-0.22169,-0.0075849,-0.19823,0.31862,0.15685,0.071191,0.0261,0.090035,-0.013014,-0.15138,0.097555,-0.22994,-0.072638,0.26816,0.027346,-0.038387,-0.002316,0.093905,0.023759,0.42266,0.031539,-0.0030172,0.091891,0.30962,0.044743,0.076577,0.0022256,-0.014083,0.094899,0.015307,0.0074517,-0.016485,0.11439,0.050863,-0.024172,-0.030794,0.017332,-0.19747,-0.018265,-0.038852,0.035405,0.14133,-0.073585,0.082739,0.010189,-0.068331,-0.0097613,-0.00024662,-0.088827,0.0030395,-0.028378,0.038787,0.063278,-0.0023534
-0.70589,-0.0838,-0.15167,-0.14329,0.35767,0.19288,-0.08357,0.079322,0.085558,-0.1419,-0.039607,0.19585,-0.13386,-0.15035,0.19474,-0.13504,-0.13236,-0.064032,0.047051,-0.013125,0.13231,-0.035676,0.094128,0.078587,0.29937,-0.087436,-0.036476,-0.0061311,-0.010488,0.17967,-0.080592,-0.029517,-0.015495,0.02099,0.064813,-0.11819,0.020889,0.074644,-0.30373,0.054581,-0.024835,0.049024,0.20097,0.070146,0.12865,0.033885,-0.068577,-0.010194,0.029903,-0.067923,-0.16404,-0.057249,0.042064,0.074963,0.029141
-0.50114,-0.039279,-0.045028,0.071774,0.28964,0.28812,-0.15488,-0.067048,0.12395,-0.16365,-0.088267,0.077436,-0.075801,-0.065521,0.23435,-0.12908,-0.060072,-0.032878,-0.011182,-0.0026758,0.066313,-0.065992,0.20733,-0.053603,0.28126,-0.080623,-0.07612,0.05909,-0.0076802,0.22578,-0.012155,-0.037618,-0.035529,0.025904,0.069755,-0.22884,0.030158,-0.040261,-0.23093,0.053079,-0.0042259,0.047782,0.114,0.012734,0.011495,-0.022503,0.017991,0.044858,0.00047342,0.0090613,-0.14568,-0.036555,0.031352,0.077403,0.046698
-0.10902,0.12379,-0.12057,0.046465,0.12414,0.19711,0.034405,0.006898,0.25135,-0.19574,-0.089981,0.035602,-0.015884,-0.049474,0.0074114,0.00036359,0.081851,0.022136,-0.091446,0.033937,0.044966,-0.046207,0.23076,-0.072847,0.11802,-0.09411,-0.14904,0.070492,-0.064573,0.10712,0.11427,-0.031505,-0.014378,0.035336,0.044936,-0.37678,0.042814,-0.011604,-0.10137,0.1123,-0.022878,0.055607,0.11075,-0.033133,-0.04336,-0.12578,0.18667,-0.10645,0.010511,0.013626,0.072038,0.15499,0.040182,-0.00019903,0.014938
-0.38835,0.010623,0.0044042,0.016619,0.30011,0.31952,0.096603,0.0060794,0.21451,-0.30209,0.15986,-0.070539,-0.09946,0.10384,-0.017291,-0.24336,0.019832,-0.030269,-0.060513,-0.015806,-0.059861,-0.068955,0.34806,-0.10425,0.18514,-0.14106,-0.1235,0.10982,0.01072,0.13609,0.048363,-0.038026,-0.14804,-0.11233,0.096629,-0.30377,0.078812,0.022176,-0.043554,0.10606,0.02509,-0.020864,-0.040543,-0.008775,-0.028799,-0.043662,0.1306,-0.068607,0.058799,-0.014207,-0.04642,0.09559,0.026884,0.16821,0.12362
-0.29308,-0.0012603,0.2133,0.08899,0.17045,0.22633,0.034592,-0.0054079,0.34717,-0.19633,0.1947,-0.064684,-0.011831,0.091141,-0.33539,-0.024755,0.12785,-0.016989,-0.0042231,0.017925,-0.10901,-0.045559,0.2679,0.13924,0.25836,0.0039213,-0.093483,0.017992,0.13435,0.089588,-0.010944,-0.017607,-0.075449,-0.051438,-0.017033,-0.21047,0.016737,-0.099328,0.13411,0.066213,0.028379,-0.11256,-0.052838,0.062539,-0.035236,-0.23115,0.0050735,-0.026505,0.018895,0.018446,-0.040534,0.026649,0.095272,0.11437,0.11501
-0.056001,-0.025569,0.15597,0.082876,-0.028861,0.19809,0.012863,-0.074802,0.29769,-0.19152,0.17936,0.060182,-0.087119,0.1771,-0.21329,-0.11174,-0.07385,0.0042778,0.080726,0.1023,-0.023617,-0.0082831,0.12668,0.10283,0.34081,0.042485,-0.1001,-0.040215,0.075329,0.22462,0.03845,-0.11327,-0.060064,0.057111,-0.059515,0.10892,0.0042105,0.0025072,0.32096,0.19677,0.0012179,-0.019783,-0.35324,0.032677,0.018649,-0.21581,0.1592,-0.070403,-0.042989,-0.028656,-0.1354,0.13922,0.12958,0.079618,0.019569
0.025583,0.0038381,0.086621,0.05913,0.22936,-0.0182,-0.057544,-0.038823,0.14573,-0.14076,0.060532,0.038144,0.13802,0.022891,0.068859,0.076293,-0.072683,0.11199,0.059721,0.010736,-0.16679,-0.061636,0.1658,0.047708,0.41182,-0.090638,-0.090213,-0.067569,0.021046,-0.019396,-0.10701,-0.068055,-0.056802,0.051364,-0.026015,0.28323,-0.061221,-0.077051,0.1117,-0.16746,-0.087922,-0.027558,-0.028013,-0.019302,-0.017891,-0.33726,0.022096,-0.019417,-0.010458,0.020096,-0.038654,-0.051307,0.051936,0.15084,-0.0069931
-0.057995,0.072793,-0.26414,0.068515,0.020695,-0.11494,-0.086722,0.0068504,-0.0011076,-0.039944,0.11211,-0.022164,0.087216,-0.092051,0.020363,-0.0082902,0.19551,0.054697,-0.1036,-0.20346,-0.15158,-0.073542,0.15971,-0.014572,0.52699,-0.023815,-0.030045,-0.089662,0.07367,0.064729,-0.18186,-0.065381,0.01104,-0.044476,0.066293,0.35283,-0.084624,-0.050388,0.19607,-0.15973,0.026338,0.033522,0.071269,-0.05672,0.068518,-0.05088,-0.026265,-0.041536,0.064236,0.044908,-0.073703,-0.050281,-0.0068802,0.0035822,-0.048197
-0.21542,0.1502,-0.48324,-0.080849,-0.14933,-0.17271,-0.11723,0.072917,0.10646,-0.078597,0.12855,0.034461,0.15836,-0.044007,0.16567,0.073478,0.027054,-0.063071,0.043221,-0.093884,-0.13133,-0.047517,0.036223,-0.17766,0.45665,0.075012,0.03091,-0.052135,0.01476,0.10961,-0.073088,-0.019386,-0.0039636,-0.015619,-0.0038573,0.21325,-0.090525,-0.041196,0.16955,-0.2342,0.0077646,0.17857,-0.031765,-0.059202,0.097693,0.058734,0.087737,0.087084,-0.096018,0.079423,-0.12876,-0.06463,-0.013967,-0.00038412,-0.094933
-0.58567,0.13974,-0.40295,-0.079431,0.10779,0.00093445,-0.0072064,0.069928,0.22773,-0.10958,-0.15156,0.025589,-0.040861,-0.036924,-0.21117,0.079169,-0.057784,-0.15461,0.10821,-0.027761,0.13472,-0.011058,-0.0039084,-0.096872,0.082628,0.0096482,0.063798,0.065682,-0.089634,0.13624,0.13486,0.016245,-0.014595,0.19561,-0.075559,-0.060137,-0.060515,0.052743,0.0012685,-0.24583,0.063986,0.14833,0.09675,-0.12157,0.20263,0.02618,0.040474,0.061869,-0.035635,0.033187,0.0018637,0.11831,-0.0053506,0.041752,-0.011604
-0.77587,-9.8911e-05,-0.095703,0.035468,0.30019,0.25489,-0.20038,-0.04375,-0.17425,-0.015581,-0.037208,-0.007935,-0.0053057,0.041802,-0.15916,0.045594,-0.030766,-0.16851,0.081778,-0.13349,0.031103,0.063471,-0.15458,0.096275,-0.27849,-0.0019996,0.10527,0.22469,-0.0028835,0.12728,0.097592,0.065828,-0.084677,0.019087,-0.023521,-0.1524,0.0016952,-0.050821,-0.043825,-0.11639,0.071911,0.040846,-0.18208,-0.036312,0.16636,0.16713,0.0027696,0.16464,0.023218,0.036906,0.014979,-0.017754,0.062038,0.087578,0.01314
-0.56823,0.17483,0.14761,-0.054295,0.075135,0.52099,0.029553,0.053164,-0.25109,-0.18077,0.20966,0.096702,0.016332,-0.052416,0.2183,-0.01297,0.089329,0.080144,0.0088696,-0.043541,0.11374,0.024166,0.092509,0.21096,-0.18671,-0.010034,-0.07058,0.10905,0.017262,0.065261,-0.076153,-0.011373,0.0041587,-0.097816,0.0093474,0.0054464,0.031063,0.025219,0.04117,0.15882,0.040569,-0.09413,-0.021174,0.1424,0.074431,0.13548,0.14453,0.086016,0.076785,0.018279,0.051306,-0.11896,0.22322,0.00028005,0.088635
0.21188,0.24119,-0.06101,-0.011561,-0.41857,0.25364,-0.10279,-0.075831,0.2482,-0.08201,-0.33931,0.10208,0.13536,-0.002685,0.21893,-0.053008,0.043874,0.10611,-0.035188,0.11985,-0.047302,-0.083982,0.20275,0.12335,0.088515,-0.034323,-0.33847,0.034722,-0.085777,0.15328,-0.040475,9.0026e-06,0.029086,0.044604,-0.038754,-0.0074938,0.0098493,0.07085,0.043534,0.24972,-0.010794,-0.065435,-0.16317,0.16521,0.091588,0.012162,0.1139,0.0065261,-0.01491,-0.16752,-0.12885,0.013542,0.15732,0.075575,-0.01601
0.44862,0.20823,0.0594,-0.012167,-0.6838,0.25411,-0.062992,-0.017202,0.27717,-0.085426,-0.14261,0.07182,0.19151,-0.067146,-0.14464,0.056315,-0.01389,0.064646,-0.20632,-0.41647,-0.11057,-0.093791,0.17501,0.052804,0.39486,-0.12574,-0.22027,-0.07163,-0.054397,0.066502,-0.14483,0.043315,0.040764,-0.050803,0.037063,-0.09204,-0.032706,0.050498,-0.06972,-0.1555,-0.045084,0.033574,0.14375,0.12279,0.068921,-0.081844,-0.031806,-0.087885,0.040431,0.0032992,0.038134,-0.1556,-0.071061,0.0036723,0.099807
0.28976,-0.04387,0.057971,-0.048248,-0.42862,0.24803,0.080631,0.051126,0.17158,-0.11641,0.13195,0.020307,0.0011057,-0.011602,-0.058831,-0.033139,0.12062,0.051615,-0.20952,-0.44144,-0.10659,-0.08386,-0.078818,-0.05482,0.43768,-0.068244,0.049838,-0.063619,-0.012081,0.1927,-0.061982,0.027638,0.0066734,0.040381,-0.0018827,0.06772,-0.037925,0.06602,0.013938,-0.11567,-0.03297,-0.068979,-0.0045882,-0.019255,0.068087,-0.077862,-0.0043048,-0.073088,0.06554,0.10078,0.060959,-0.069564,-0.22078,0.059209,0.05435
0.0043356,-0.32216,-0.063688,-0.10987,-0.17497,0.26864,0.12541,0.065176,0.16102,-0.17605,0.47627,-0.014939,-0.085279,-0.010444,0.067051,0.059765,0.01864,-0.055756,0.081841,-0.18043,-0.12145,-0.057145,-0.18784,-0.050572,0.40839,0.098714,0.11982,0.016999,-0.052714,0.017805,-0.10482,0.042584,-0.042656,0.098357,-0.0045108,0.0011839,-0.0062642,0.036206,0.13348,-0.031186,-0.052618,0.071124,-0.088244,-0.024636,0.099127,-0.10744,0.053809,0.011492,-0.012041,0.1583,-0.082144,0.015142,-0.12284,0.10104,-0.045806
-0.28023,-0.34233,0.022301,0.0020588,0.17423,0.27356,-0.07652,0.045236,0.16373,0.0052365,0.052804,-0.034842,-0.12226,-0.036005,0.062225,0.059472,0.0406,0.005022,0.14115,0.29756,-0.029807,0.052536,-0.087514,1.7922e-06,0.35159,-0.021288,0.11609,0.040871,-0.055819,0.026887,0.0082149,0.051495,-0.035346,0.19385,-0.093894,-0.09812,-0.034736,0.04598,0.070348,0.00040223,-0.0094614,0.022383,-0.0036983,-0.1307,0.11313,0.067707,0.020683,0.064544,0.029018,0.078493,-0.032091,0.015576,-0.074697,0.12884,0.064777
-0.29646,-0.10219,0.0065722,0.20006,0.26705,0.19231,-0.045502,0.010836,0.21035,-0.080072,-0.16735,0.020465,0.051086,0.061758,0.013426,-0.048764,-0.0096329,0.039718,0.015622,0.59752,-0.068038,0.068759,-0.1092,0.092742,0.24513,-0.075445,0.041378,0.077457,-0.14663,0.23723,0.15408,0.032252,0.014487,0.20299,-0.087028,-0.056446,0.016942,-0.020815,0.16359,0.035158,-0.05384,0.033656,-0.11678,-0.11051,0.049168,0.13808,0.068448,0.07486,-0.014108,-0.00462,0.011643,0.06771,0.051608,0.019067,-0.074534
-0.46126,-0.020078,0.14097,0.078913,0.36186,0.3527,-0.01304,-0.067365,0.078582,-0.20742,0.038174,-0.052307,0.0060428,0.063967,0.11466,0.074899,0.016073,0.092403,-0.089853,0.34559,-0.082884,0.13115,0.25445,0.0091035,0.067333,-0.0056887,0.060327,0.048768,-0.073692,-0.09598,0.076873,0.0095451,-0.052019,-0.064061,0.059927,0.058628,0.054199,0.051331,0.099205,0.16681,-0.020525,-0.10532,-0.040249,0.016982,-0.045286,0.16821,0.10302,0.043028,0.043885,-0.08139,0.03352,-0.12194,-0.023954,-0.051842,0.089908
-0.13874,0.24641,0.017244,0.30575,0.023654,0.24015,-0.11989,0.048804,0.22298,-0.1908,-0.035452,0.10928,0.17016,0.11923,-0.17701,-0.1166,0.054621,0.094968,-0.14006,0.093837,-0.22947,0.053366,0.30241,-0.020878,0.39967,-0.088642,-0.10101,-0.013329,-0.016992,0.052572,0.09027,-0.057888,0.038471,-0.19557,0.034472,0.0094536,-0.0077993,0.09216,0.1103,0.028104,-0.022283,-0.035093,0.023927,0.17075,-0.011163,-0.028461,-0.0758,-0.016243,0.0089199,-0.11076,-0.097398,-0.091004,-0.041522,-0.0069715,-0.017656
-0.026708,0.21215,-0.02161,0.098932,-0.28405,0.26487,0.10376,0.055804,-0.068702,-0.22773,0.032783,0.010671,0.043647,0.1701,-0.27562,-0.061759,-0.068041,0.14191,-0.087939,-0.11572,-0.068008,-0.074449,0.217,-0.055257,0.48787,-0.11553,-0.024971,-0.061536,-0.0063918,0.080404,0.06672,-0.072954,0.073712,-0.16804,0.12038,0.059853,-0.058306,0.076976,-0.0038363,-0.12822,-0.044167,0.03188,-0.085974,0.21588,0.017223,-0.11594,-0.081035,-0.017868,-0.037792,-0.075676,-0.016105,-0.13218,0.001286,-0.033227,-0.052447
-0.076535,0.027158,0.16808,-0.090463,-0.2553,0.23867,0.041128,-0.007105,-0.10376,0.045814,0.23154,-0.097135,-0.052656,0.11438,-0.12075,0.016422,-0.0082096,0.22213,0.018799,-0.028584,-0.090118,-0.15745,0.12342,-0.017521,0.44535,0.076415,0.00076592,-0.024833,0.017438,-0.086961,0.03831,-0.031193,-0.053113,-0.047603,0.062458,0.082224,-0.091135,-0.042824,-0.018956,-0.39549,0.0079125,-0.02719,0.030415,0.017824,0.0047316,-0.08148,-0.04298,0.02721,0.046486,0.020173,0.12838,-0.079342,0.10087,0.070176,0.0022276
-0.43419,-0.32119,0.31062,-0.1902,0.2952,0.20715,-0.074875,0.047293,0.17903,0.02287,0.10194,0.012912,0.051058,0.031558,0.077232,0.12336,0.073148,0.14871,0.070616,-0.1537,-0.24119,-0.16251,-0.18939,0.074434,0.27335,0.40085,0.1202,0.023044,0.026357,0.0035275,0.043052,-0.0071599,0.081632,0.087145,-0.03926,-0.0072659,-0.070464,-0.053652,0.037817,0.00082673,-0.024126,-0.047796,0.22746,-0.06237,-0.028502,-0.033373,0.030476,-0.061979,-0.0096904,0.16411,0.026869,-0.26601,0.16079,0.09588,0.026311
-0.38377,-0.45397,0.13285,-0.17036,0.59957,0.031105,0.16114,0.040337,0.20733,-0.087591,-0.27536,0.050746,0.10312,0.037442,0.16821,-0.041662,0.037977,0.13457,0.017132,-0.17601,0.025866,-0.10535,-0.20006,0.022067,0.48707,0.083602,0.15161,0.061263,-0.020974,0.029337,0.095351,-0.012443,0.15404,0.061228,-0.094945,0.040442,-0.024398,-0.052699,0.18884,0.16697,-0.049784,0.02117,0.30793,-0.12405,-0.042933,0.14836,0.087848,0.035623,-0.11318,0.10484,-0.045303,-0.15112,0.095076,0.083649,0.016217
-0.29148,-0.27488,-0.17288,0.081397,0.98686,-0.38288,0.041742,-0.036337,0.32182,0.17349,-0.38946,-0.017732,0.16988,0.079559,0.023011,0.04591,0.15353,0.11817,0.028424,-0.17771,0.11557,-0.12757,-0.029237,0.0051226,0.56729,-0.22936,0.084061,0.059023,-0.033743,0.010438,0.099171,-0.0024126,0.092919,-0.016778,-0.12392,0.11553,-0.018928,-0.12339,0.19609,0.11448,-0.084635,-0.046798,0.23342,-0.12146,-0.057293,0.12383,0.058061,0.091358,-0.13277,-0.0034463,-0.073083,-0.014629,-0.085654,0.047408,0.016024
-0.65235,0.10763,-0.42024,0.20304,1.0674,-0.36645,0.0052814,0.062556,0.26379,0.030656,0.13703,-0.0054113,0.14905,0.08443,-0.17466,-0.062416,0.15167,0.013324,-0.030881,-0.22466,0.052365,-0.0042959,0.18539,0.085795,0.39046,-0.1609,-0.052944,0.086786,0.043242,0.04068,0.0059362,-0.010932,0.0028763,-0.079923,-0.10316,0.10175,0.092132,-0.10121,0.20117,-0.24212,0.016856,-0.048572,0.27045,-0.037669,0.0059597,0.13273,0.043104,0.071898,-0.1036,-0.10914,-0.1108,0.094179,-0.20819,0.023067,0.044197
-0.98022,0.29086,-0.53185,0.24033,0.6613,-0.26218,-0.13042,0.033026,0.21214,-0.26589,0.41982,0.0044035,0.030541,0.14193,-0.027074,-0.041412,0.090311,-0.046945,-0.042863,-0.13188,0.31498,0.10518,0.22228,-0.008847,-0.10036,-0.0082828,0.023707,0.071932,0.053786,-0.071018,0.015288,0.011604,0.056971,-0.11711,-0.07963,0.17491,0.092195,-0.017547,0.059619,-0.19207,-0.031307,-0.04232,0.1547,0.097157,0.064966,0.097301,-0.092139,0.026338,-0.15351,-0.073903,-0.058374,-0.0013044,-0.21345,0.038913,0.058089
-0.81549,0.52974,-0.36433,0.17692,0.18096,-0.11231,-0.23772,0.083935,0.094089,-0.17009,0.11514,-0.016067,-0.023544,0.066597,-0.17572,-0.013774,0.046382,-0.08626,-0.1206,0.00060182,0.23642,0.14991,0.023224,0.085662,-0.37218,0.028292,-0.011507,-0.0038656,0.056215,0.019384,0.07794,-0.0076249,0.071971,0.048538,-0.026449,0.31858,0.027474,0.0021689,-0.10937,-0.058805,0.029809,0.0021288,0.071422,0.09661,0.13593,0.077441,-0.22381,-0.10227,-0.071387,0.011261,0.012105,0.017515,-0.16963,0.088736,-0.064038
-0.62859,0.58967,-0.27465,0.05361,-0.074148,0.017152,-0.12302,0.0028754,0.084171,-0.22765,-0.046413,-0.016748,-0.061356,-0.0027296,-0.060242,-0.042779,0.0060502,-0.077457,-0.10113,0.26075,0.10763,0.13316,0.072987,0.13653,-0.46656,-0.044692,-0.12392,0.0096367,0.060612,0.084956,0.10748,-0.0080295,0.088102,0.13355,0.099013,0.33771,-0.021282,-0.0080029,-0.19962,0.032979,0.064725,0.049883,-0.13761,0.12357,0.21728,0.040637,-0.21631,-0.10293,-0.010421,0.051251,-0.0021926,0.024226,-0.11013,0.077334,-0.088849
-0.39045,0.46432,0.10753,0.033254,-0.30259,0.37907,-0.16629,0.017965,-0.0464,-0.030185,0.32252,0.043811,0.063945,-0.042845,0.25612,0.1178,0.067086,0.10853,-0.052651,0.030226,0.08192,0.06098,0.22179,0.15893,-0.32273,0.032807,-0.229,0.011916,0.013033,-0.049773,-0.0091292,-0.0029176,0.06764,0.1413,0.054733,0.074291,-0.055235,-0.071728,-0.35711,0.092409,0.07124,0.011715,-0.0052609,0.068742,0.10752,-0.0443,-0.17074,-0.050731,-0.0050126,0.14509,0.089052,0.044307,0.076888,-0.052152,0.036305
0.029071,0.22402,0.2822,-0.059062,-0.50474,0.54821,-0.09723,-0.013033,-0.083522,0.027184,-0.13008,0.14065,0.24501,-0.036181,0.24806,0.050612,-0.0091778,0.071292,-0.13115,-0.14102,-0.13404,0.016492,0.060423,0.071377,-0.088034,-0.034212,-0.21084,-0.00077626,-0.011308,0.091708,-0.075736,-0.05775,0.091614,0.1273,0.022008,-0.19832,-0.073002,-0.0034213,-0.28115,0.41677,0.049595,0.061372,0.053658,0.058708,-0.081748,0.071987,-0.18183,0.049056,-0.006139,0.094062,-0.083661,0.040606,0.080727,0.088416,-0.042116
0.39351,0.12736,0.22966,-0.12865,-0.37241,0.4368,-0.06089,-0.086506,-0.11122,-0.038066,-0.052689,0.054994,0.21849,0.022205,0.14015,0.1914,-0.047468,-0.10202,-0.074172,-0.19989,-0.023471,-0.03977,-0.063012,-0.029661,-0.033916,-0.030319,-0.15716,0.054289,-0.025323,-0.032357,0.047071,-0.042738,0.084086,-0.006054,0.018877,-0.40475,-0.0065943,0.17394,-0.29893,0.18354,-0.050288,0.077148,0.22799,0.052468,-0.26162,0.14413,-0.0018944,0.10269,-0.057938,-0.037041,0.11433,-0.02083,-0.021212,0.16001,-0.035838
0.66298,-0.10317,0.18913,-0.22589,-0.40689,0.053021,0.048016,0.046102,0.037913,0.048262,-0.0957,0.076539,-0.026292,0.042714,-0.12331,0.18992,0.037617,-0.0928,-0.05861,-0.12439,0.11714,-0.074277,-0.2473,-0.044,0.40311,-0.1665,-0.06774,0.021929,-0.025359,0.062877,0.15474,-0.017818,0.0043239,-0.028362,0.0081588,-0.63422,0.036325,0.12521,-0.019136,0.088188,-0.065183,0.089749,0.11875,0.0038498,-0.40508,0.036405,0.02913,-0.064175,-0.025384,-0.074233,0.079988,0.058537,0.116,0.13289,-0.040646
0.37847,-0.44057,0.33401,-0.20828,0.2472,-0.070986,-0.011649,0.030682,0.21432,0.09846,0.13829,-0.0022729,-0.16565,0.13942,-0.11571,0.097577,0.061814,-0.014634,0.029946,-0.22084,0.18752,-0.13704,-0.28888,-0.05748,0.67026,0.082792,0.018591,-0.00015474,0.075635,0.097885,0.13266,0.043509,-0.029406,-0.027586,0.020061,-0.51688,0.038865,0.069264,-0.043335,-0.10706,-0.073319,-0.11544,0.04066,0.012048,-0.58197,-0.15125,0.040526,-0.072128,0.013655,-0.099644,0.033597,-0.048885,0.15315,0.27097,0.067427
0.038841,-0.41736,0.024564,-0.022511,0.68325,-0.77149,0.0057423,-0.026032,0.51919,0.058968,0.1722,-0.16099,-0.22098,0.12854,-0.22335,-0.032412,0.23014,0.077413,0.047433,-0.017734,0.30714,-0.15527,-0.20813,-0.085062,0.57937,0.002277,0.10759,-0.049117,0.14532,0.039916,0.1222,0.10365,0.0067034,-0.17915,0.073129,-0.13057,0.061593,0.17353,0.26514,-0.18976,-0.059277,-0.27837,0.11126,0.10192,-0.48615,-0.060037,0.037748,-0.075841,-0.028621,-0.060374,0.0037998,0.088329,0.091025,0.22795,0.033572
-0.45182,-0.22405,-0.042165,-0.0079367,0.58518,-1.1403,0.054049,-8.1436e-05,0.65664,0.041248,0.40913,-0.1694,-0.11773,0.083797,-0.33432,-0.017146,0.085528,0.1491,0.11268,0.15304,0.10116,-0.15306,0.14103,0.011767,0.4339,-0.04589,0.0041922,-0.18277,0.176,0.084128,0.028042,0.17454,0.013192,-0.18949,0.12481,0.24709,0.08242,0.071557,0.3365,-0.24167,0.0244,-0.18877,0.085945,0.091158,-0.20009,-0.22185,-0.067456,-0.040456,-0.038589,0.023029,-0.077413,0.14544,0.075647,0.12243,0.088402
-0.86737,0.20257,-0.048283,0.11999,0.0524,-1.397,-0.0050245,-0.021795,0.71447,0.016508,-0.047168,-0.29342,0.0090747,0.0060096,-0.26051,0.073851,0.2263,0.17098,0.10459,0.57973,0.041755,-0.17504,0.43523,-0.0019669,-0.03055,-0.20614,-0.090765,-0.21094,0.17176,0.15704,0.082003,0.19612,-0.052616,-0.0065725,0.027912,0.34282,0.061713,-0.049747,0.26583,-0.20833,0.13891,0.12029,0.12618,-0.083721,0.054087,-0.26293,-0.20602,-0.0064431,-0.046845,0.047885,-0.038196,0.12847,0.078488,0.18605,0.036351
-1.2691,0.3915,0.28934,0.31587,-0.31344,-0.92464,-0.15099,0.061834,-0.82528,0.088266,0.37397,-0.21402,0.064998,-0.15229,0.024877,0.3332,0.05179,0.0053734,0.118,0.20832,-0.058191,-0.02197,0.11332,-0.16779,-1.1085,-0.06976,0.12588,-0.14409,0.14563,0.048795,0.061485,0.20147,-0.036598,-0.023054,-0.08034,0.39977,0.047364,-0.14969,-0.018693,-0.28555,0.16157,0.055063,-0.04832,-0.17825,-0.072677,-0.15015,-0.21324,0.079471,-0.057995,0.13669,0.11558,0.057246,-0.029251,-0.034253,0.0063313
-1.0566,0.46279,0.22355,0.21655,-0.79427,-0.58753,-0.18394,-0.17049,-1.0531,-0.21361,0.26974,-0.027937,0.10121,-0.23124,0.36002,0.20999,-0.041997,-0.021743,0.061525,0.0021623,0.028305,-0.0024257,0.16839,-0.20122,-1.155,0.024967,-0.10039,-0.061439,0.061214,-0.0073375,-0.010386,0.22873,-0.056833,-0.058101,-0.06768,0.26383,0.037355,-0.15929,-0.047289,0.089054,0.22752,0.10261,0.067682,-0.17655,-0.018946,0.10638,-0.15264,0.1163,-0.036577,0.13135,0.0081309,-0.032396,0.12818,0.061253,-0.045185
0.22511,0.031856,0.1912,0.2417,-1.1833,-0.46086,-0.18941,-0.13614,-0.47724,-0.15371,-0.5435,0.10837,0.2058,-0.30122,0.067199,0.12782,0.19119,-0.081098,0.011419,-0.26391,-0.16709,0.047121,0.11816,-0.084869,-0.83107,0.58181,-0.46692,-0.014826,-0.074603,0.069747,0.056301,0.1978,0.045914,0.14192,-0.12681,0.0086155,0.022291,-0.24205,-0.21276,0.45191,0.25083,0.11624,-0.00089613,-0.043025,0.012969,0.081938,-0.10266,0.085402,-0.039203,-0.012467,-0.053154,-0.0108,0.26767,0.13075,0.0096726
1.1703,-0.1335,0.22903,0.13028,-1.1753,-0.54866,-0.24371,-0.22073,-0.77475,-0.025052,-0.79898,0.27253,-0.012557,-0.22114,-0.05258,0.14738,-0.0041821,-0.037074,-0.10968,-0.53986,-0.13685,0.13008,-0.18321,-0.037543,-0.24686,-0.15816,-0.53156,-0.023856,-0.18045,-0.01042,0.044398,0.24963,0.023084,0.013063,-0.22055,-0.36655,0.0049077,-0.21464,-0.17038,0.2071,0.18666,0.1376,0.16338,0.09361,-0.11242,0.16721,-0.18163,-0.036371,0.0014892,0.046997,0.033811,0.096686,0.45321,0.10241,0.043883
1.437,-0.34086,-0.067709,0.084921,-0.097657,-0.88218,-0.1884,-0.42029,-0.20537,-0.0013898,-0.22359,0.12963,-0.28774,-0.10679,0.063163,0.059585,-0.013976,-0.040433,-0.13225,-0.93763,-0.27219,0.19144,-0.16224,0.001701,-0.12392,0.22392,-0.36657,0.043216,-0.17884,-0.16574,-0.0013952,0.2243,0.026105,-0.050926,-0.18254,-0.35295,-0.032149,-0.043423,-0.21707,0.047768,0.076718,0.060143,0.14812,0.23054,-0.1109,0.096078,-0.046636,0.0035986,-0.01083,0.021893,-0.076151,0.046986,0.2506,0.080676,0.13472
1.1579,-0.42819,-0.12619,-0.025391,0.43472,-0.81578,0.0081422,-0.24668,-0.026437,-0.030959,-0.14927,0.18438,-0.60997,-0.051107,0.11747,0.09542,0.066962,-0.063459,-0.016849,-0.90423,-0.70795,0.20529,-0.38153,0.02069,-0.1039,0.23081,-0.16916,0.089646,-0.10634,-0.22981,-0.12318,0.10403,0.060242,0.0087768,0.0074595,-0.36221,0.026161,0.079199,-0.081923,0.16083,-0.0050866,0.02355,-0.033641,0.24425,-0.12326,-0.1066,-0.073119,-0.13028,0.049818,0.05891,-0.21521,-0.0043064,0.1525,0.14897,0.1175
0.91076,-0.27135,-0.28163,-0.091534,0.16227,-0.83269,0.16501,-0.15965,-0.0034841,0.18036,-0.023294,0.059218,-0.7695,-0.016535,0.11742,-0.021286,0.1661,-0.030297,0.089999,-0.51415,-0.77263,0.12266,-0.14872,-0.083384,-0.27077,-0.039104,-0.022451,0.042006,-0.075678,-0.29803,-0.092848,0.075231,0.10063,0.024801,0.070629,-0.34564,-0.017221,0.19971,0.016526,0.099116,-0.037144,0.076923,-0.052588,0.14634,-0.10862,-0.16557,-0.10655,-0.17864,0.063155,0.06748,-0.16519,0.167,0.040076,-0.012522,0.16256
0.6684,-0.16151,-0.13496,-0.10782,0.20528,-0.81312,0.26914,-0.13258,0.066332,0.10133,-0.20924,-0.13528,-0.53953,0.052455,-0.012323,0.081145,0.087212,0.0021804,0.10479,-0.21089,-0.86461,0.095252,-0.10316,0.052861,-0.49052,-0.19104,0.039724,0.033488,-0.066189,-0.3199,-0.15271,0.049093,0.07754,0.21812,0.077804,-0.31889,-0.0043802,0.05388,0.14348,0.024642,-0.054526,0.18193,0.077207,0.022647,-0.12543,-0.28506,-0.014499,-0.085616,0.066474,0.074795,-0.082538,0.15705,0.048127,0.083802,0.15473
0.61566,-0.23811,-0.031478,-0.022175,0.083009,-0.69577,0.19702,-0.21032,-0.1273,0.18877,0.0024543,-0.28374,-0.21126,0.077121,-8.5887e-06,0.057795,0.043058,0.0368,0.13463,0.036726,-1.0133,0.15809,0.12275,0.023598,-0.55892,-0.053795,0.027304,0.083607,0.0084286,-0.31304,-0.13739,0.078404,0.12675,0.22913,0.16323,-0.13354,0.052063,-0.018558,0.12577,-0.20002,0.011453,0.0804,0.085953,-0.17479,-0.18017,-0.29948,0.040116,0.0245,0.049857,0.070679,-0.0019379,0.095349,-0.008497,-0.015614,0.29162
0.86181,-0.09541,-0.059209,-0.00068345,0.014691,-0.76699,0.24082,-0.15075,-0.0070422,0.12206,0.04764,-0.21944,-0.066808,0.045349,-0.000723,-0.063912,-0.028566,0.024362,0.23612,0.14713,-0.56727,0.15441,0.015241,0.078051,-0.58638,-0.12277,-0.012068,0.026213,-0.011584,-0.36642,-0.17353,0.054947,0.14119,0.018183,0.16982,-0.025089,0.072653,0.0064488,0.26133,-0.016998,-0.03308,0.15617,-0.02853,-0.13683,-0.14124,-0.13656,-0.029084,0.026426,0.049673,0.047406,0.036473,0.10963,0.050582,0.030031,0.21834
0.98867,-0.050852,-0.18129,0.13053,-0.02748,-0.7901,0.21476,-0.10711,-0.09108,0.15341,0.047902,-0.24974,-0.0098635,0.051852,-0.022696,-0.023342,-0.17546,0.04807,0.15033,0.072324,-0.45836,0.093045,0.040749,0.13689,-0.5345,0.013343,0.031181,0.021681,0.013734,-0.3313,-0.22772,0.028081,0.12948,0.097283,0.15227,0.061044,0.057344,0.0037647,0.21189,0.016587,-0.048323,0.11276,-0.10207,-0.1296,-0.12536,-0.18017,-0.066789,0.12309,0.0058363,-0.0085421,-0.032362,0.12725,-0.0050576,0.046184,0.16953
0.98949,-0.031487,-0.17742,0.21814,-0.077239,-0.81826,0.21202,-0.059697,-0.1203,0.25334,0.033236,-0.27639,-0.022473,0.0084527,-0.058891,-0.033774,-0.16364,0.029447,0.1725,0.14903,-0.13415,0.077967,0.031576,0.22538,-0.51402,-0.018315,0.050048,-0.013302,0.017421,-0.34074,-0.28858,0.03202,0.087494,0.020348,0.12355,0.12633,0.040368,-0.028017,0.12327,0.029805,-0.029081,0.11685,-0.077846,-0.11117,-0.07288,-0.13253,-0.12669,0.12613,0.026197,0.0087015,-0.026084,0.081982,-0.021058,0.039841,0.19196
0.96567,-0.025641,-0.13262,0.23086,-0.10885,-0.78108,0.16424,-0.066141,-0.14606,0.31162,0.047123,-0.3416,-0.0574,0.029347,0.017147,-0.0029136,-0.30508,-0.0032049,0.17212,0.14231,0.017642,0.091874,0.023813,0.21042,-0.52342,0.046652,0.093717,-0.022481,0.018084,-0.32566,-0.26733,0.032635,0.040084,0.0022264,0.086316,0.090312,0.023239,-0.029542,0.052892,-0.052373,-0.0030443,0.16433,-0.032299,-0.090438,-0.06626,-0.05773,-0.10536,0.13415,-0.013214,0.0055623,-0.04416,0.040584,-0.031142,0.00088846,0.18025
0.88872,-0.028753,-0.10039,0.21155,-0.092384,-0.71708,0.14072,0.017941,-0.18719,0.30145,0.0089075,-0.32187,-0.11096,0.012517,0.13784,0.03134,-0.33209,-0.020039,0.20254,0.1339,0.11433,0.061036,0.0013127,0.16069,-0.55031,0.04867,0.12307,-0.025136,0.0032277,-0.31278,-0.26622,0.019044,0.037476,0.021909,0.046263,-0.027758,-0.0072159,-0.041153,-0.01888,-0.041778,-0.0052514,0.15359,0.030095,-0.062929,-0.10563,-0.050022,-0.069852,0.10668,-0.007163,-0.010323,-0.026609,0.020719,-0.0038733,-0.023243,0.16566
0.79667,-0.080779,-0.11811,0.15865,-0.00050341,-0.71193,0.13861,0.11731,-0.18971,0.23856,-0.062916,-0.32695,-0.1588,-0.0080003,0.10492,-0.045584,-0.34869,-0.059457,0.18241,0.11267,0.1794,0.042901,0.012035,0.15929,-0.57807,0.021778,0.12663,0.00036251,0.0077012,-0.3069,-0.2688,0.014668,0.0036634,0.0095745,0.024748,-0.15698,-0.024685,-0.057721,-0.096859,-0.014655,0.027013,0.12513,0.071023,-0.042334,-0.09429,-0.054562,-0.052603,0.11264,0.032569,-0.042244,-0.02326,0.01434,0.014866,0.030829,0.17722
0.79662,-0.090795,-0.10611,0.10276,0.039578,-0.71095,0.11063,0.16041,-0.17334,0.15242,-0.04805,-0.25232,-0.15472,-0.021855,0.12808,-0.065284,-0.39192,-0.064383,0.17785,0.15869,0.19545,0.046647,0.0087669,0.14311,-0.57913,-0.0076448,0.11554,0.022262,0.0088309,-0.29151,-0.22613,0.026517,0.017856,0.012947,-0.028902,-0.2326,-0.019055,-0.076515,-0.076766,-0.026858,0.040184,0.10446,0.11461,-0.010447,-0.11405,-0.093142,-0.0077641,0.13246,0.039752,-0.030257,0.0035251,0.016674,0.066156,0.072961,0.18774
0.84942,-0.082825,-0.10761,0.04801,-0.0089702,-0.75397,0.022094,0.15926,-0.13657,0.13002,-0.045757,-0.1894,-0.11351,-0.011672,0.18341,-0.051636,-0.39744,-0.020601,0.15148,0.20877,0.15687,0.063649,0.075293,0.1302,-0.55509,-0.016454,0.098027,0.034022,0.0062437,-0.28349,-0.15183,0.052866,0.025762,-0.0039612,-0.042294,-0.26337,0.0076827,-0.083105,0.014195,-0.01787,0.067695,0.12035,0.1445,-0.017002,-0.13809,-0.11745,0.081248,0.13523,0.045973,-0.021989,0.032547,0.043546,0.11526,0.097826,0.18945
0.85288,-0.094785,-0.11645,0.032549,0.025125,-0.77695,-0.011426,0.17526,-0.12994,0.095324,-0.103,-0.068286,-0.10315,-0.029028,0.18248,-0.070955,-0.39923,-0.01102,0.12417,0.18803,0.097885,0.071998,0.1067,0.103,-0.53443,-0.042699,0.11412,0.037836,0.010377,-0.303,-0.1466,0.043524,0.0071583,-0.023589,-0.027476,-0.24795,0.034539,-0.054309,0.064181,-0.036066,0.063428,0.11469,0.1215,-0.0071344,-0.15431,-0.14062,0.091424,0.13665,0.065786,-0.020806,0.016788,0.050721,0.09097,0.13771,0.1711
