-0.035922,-0.13981,0.12754,0.02891,-0.26724,0.15291,0.094896,0.02466,0.045475,-0.01139,-0.015541,0.04395,0.0030053,0.0068129,0.11518,-0.0029163,0.018898,-0.099303,0.08615,-0.029728,-0.056878,-0.019184,-0.16429,-0.093143,0.35882,-0.086778,-0.061292,-0.031492,0.019598,-0.027233,0.026864,-0.024754,-0.058054,-0.076379,-0.016166,0.023987,-0.0054679,0.0095531,-0.18573,0.12608,0.041031,-0.078394,0.0066123,-0.0038068,0.11771,-0.15412,-0.061966,-0.03954,0.00041507,0.046895,-0.059815,-0.031078,0.11734,0.16118,-0.097324
-0.1709,-0.15,0.067678,0.082564,-0.20579,0.16708,0.015134,0.022143,0.12614,-0.002814,-0.05786,0.11001,-0.035764,-0.035759,0.049727,-0.072915,0.067263,-0.050813,0.017606,0.019189,0.0024486,0.034288,0.02857,-0.028299,0.49516,-0.10424,-0.067955,-0.023766,0.0058967,0.11491,-0.046456,-0.067063,0.0091945,-0.0077673,-0.037584,0.0088849,-0.018438,-0.021147,-0.18437,0.2467,0.069532,-0.091377,0.13363,-0.087349,0.1531,-0.21515,-0.027388,0.0038057,0.053742,0.13228,-0.0079031,0.046285,0.092831,0.12632,-0.0013748
-0.33394,-0.14448,0.084068,0.19045,0.050168,0.15405,-0.10063,-0.023616,0.21624,0.038726,0.026738,0.037529,-0.045699,0.02141,0.1461,-0.03412,0.0741,-0.10044,0.058695,0.036234,-0.058869,0.027239,-0.010069,-0.038844,0.41327,0.090202,-0.024579,0.021593,0.045112,0.12746,-0.054039,-0.052245,-0.00081642,0.064272,-0.0012581,-0.041249,0.029005,-0.0027615,-0.18693,0.14704,0.09011,-0.047247,0.16529,-0.17222,0.11762,-0.1546,0.026851,0.1047,0.044171,0.076758,-0.074131,0.078023,0.070086,0.14579,-0.032939
-0.45207,-0.059721,-0.046229,0.18889,-0.040818,0.29978,-0.10553,-0.03741,0.011392,-0.088494,0.027696,0.05219,-0.020245,-0.015665,-0.0039849,0.032246,-0.014554,-0.065151,-0.020957,0.031692,0.069395,0.04694,0.14145,-0.00049156,0.26809,-0.048518,0.02369,0.057847,-0.023584,0.03403,-0.092512,-0.039532,0.15134,0.10005,0.011465,-0.1062,0.047676,-0.0034598,-0.019181,-0.062285,0.015354,0.10297,0.21423,-0.062775,0.04375,-0.044761,0.012882,0.0853,-0.00084514,0.075891,0.021714,0.06656,0.056591,-0.013734,-0.012226
-0.48427,-0.063657,-0.078144,0.14129,0.09585,0.19874,-0.29126,-0.029188,0.027755,-0.037189,-0.10794,0.030982,0.022026,0.048748,-0.020049,-0.062473,0.060472,0.01997,-0.06156,-0.083452,0.093019,0.0055573,0.057112,0.088032,0.20193,-0.054129,0.036624,0.062464,-0.0071112,0.17045,-0.042954,-0.046346,0.10638,0.037913,-0.017565,-0.12186,0.010686,-0.052829,-0.0082611,0.012352,0.018766,0.12906,-0.11005,-0.064633,0.023799,0.040025,-0.027754,0.055818,-0.0073511,-0.047815,-0.13751,0.065514,0.053946,0.059954,-0.094322
-0.26666,-0.035872,-0.011911,-0.061221,-0.10281,0.2378,-0.15953,0.031959,0.2694,-0.11,-0.027873,0.011663,0.054774,-0.062463,-0.099781,-0.085246,0.037215,-0.035703,-0.028936,0.03265,0.062099,-0.00045288,0.11691,0.040523,0.2706,0.0013827,-0.10548,0.062314,0.011031,0.072393,0.0088465,-0.019005,0.12142,0.047465,-0.06857,-0.070871,-0.028022,-0.091913,-0.043154,-0.14912,0.014501,0.029764,-0.22626,-0.0086461,0.073152,-0.066532,-0.054666,-0.008495,0.061753,-0.10536,-0.028854,0.08191,0.11775,0.042123,-0.01566
-0.30747,-0.15536,0.095636,-0.22222,0.11715,0.20834,-0.19949,0.0045959,0.13247,-0.12408,-0.051676,-0.036696,-0.068043,-0.030849,0.092877,-0.098901,0.046288,-0.034025,0.034563,-0.010168,0.09172,0.067092,0.1551,-0.0032764,0.24973,-0.13629,-0.067428,0.080962,0.019567,0.071733,0.07651,0.0064302,0.0057838,0.013254,-0.019375,0.013783,-0.0046429,-0.00053002,-0.13318,-0.03596,0.075847,-0.088685,-0.41441,-0.035014,0.08441,-0.061823,0.069669,-0.090074,0.054353,-0.097117,-0.016601,-0.035552,0.07197,0.085888,0.079727
-0.28708,-0.067882,0.12496,-0.14859,0.15615,0.20566,-0.22582,-0.0040463,0.16931,-0.16546,0.19385,0.14118,0.090001,-0.047503,0.0096538,-0.12466,0.095133,-0.051286,0.060375,-0.11012,-0.084107,0.035376,0.14041,0.070519,0.2811,0.0087129,-0.09435,0.024658,0.016213,0.12315,0.023199,-0.039375,0.029296,0.041475,0.061299,-0.095976,0.0097879,0.057522,-0.027414,-0.20173,0.006721,-0.068807,-0.25018,0.0894,0.041478,-0.15087,0.10263,-0.058371,9.9431e-06,0.067479,-0.025789,-0.045802,0.081361,-0.033934,-0.0061235
-0.26979,-0.066096,0.13305,-0.11845,0.10017,0.27762,-0.10771,-0.041295,0.081095,-0.056914,0.076921,-0.0063327,0.089961,0.013701,0.065429,-0.021286,0.20953,0.081256,-0.044718,0.0017245,-0.028165,0.053333,0.26437,0.038596,0.24003,-0.037899,-0.075287,0.040133,0.018841,0.062703,0.013886,-0.00059601,-0.040913,-0.028119,0.061965,-0.14866,0.025179,0.024523,0.14961,0.11795,0.0044368,-0.10981,-0.25432,0.042976,0.038266,-0.11453,0.14038,-0.0079863,0.045857,0.10623,0.10279,-0.11816,-0.0061369,0.013675,0.04044
-0.16582,0.019761,0.039315,0.1137,-0.068897,0.31298,-0.14458,-0.13879,0.027464,0.0343,0.11859,0.013851,0.19621,-0.00047803,-0.12427,-0.12246,-0.065358,0.10756,-0.12656,0.068727,-0.1161,0.027512,0.24738,-0.0080738,0.26209,-0.064238,-0.15509,0.037717,-0.0099559,0.13329,-0.087997,-0.066333,-0.029672,-0.0842,0.034522,-0.12117,0.047881,0.14076,0.29733,-0.047688,-0.046227,-0.028463,-0.076995,0.028789,0.071074,-0.057389,0.092845,0.066179,-0.007281,0.099583,0.049165,-0.069469,-0.056845,0.00049133,-0.050941
-0.1958,0.035699,0.085069,0.18861,-0.1229,0.33831,-0.18568,-0.10293,0.0040872,0.14998,-0.058351,-0.088336,0.16772,0.0080562,-0.13766,0.13145,-0.082521,0.050115,-0.040472,0.1068,-0.30733,-0.032079,0.18857,-0.11265,0.26999,0.018976,-0.084298,-0.0039657,0.095411,0.14089,-0.13787,-0.06749,-0.042709,0.067531,0.016134,0.074318,0.025408,0.070655,0.24536,0.077417,-0.050551,0.015291,0.0331,0.017335,-0.020521,-0.059694,-0.0077484,0.028993,0.031078,-0.023173,-0.021033,-0.15046,-0.11638,-0.0029308,-0.026272
0.016213,0.070896,-0.14017,0.10947,-0.21866,0.22681,-0.08181,0.16509,0.011877,0.099972,0.01075,-0.090718,0.029004,-0.096222,-0.21292,0.059047,-0.0022108,0.11608,-0.0046908,0.055437,-0.12434,-0.063614,0.16078,-0.03722,0.43515,-0.029745,-0.094455,-0.014705,-0.0034991,0.088774,-0.17376,-0.10435,-0.0075996,0.019782,-0.018101,0.29479,-0.033129,0.078586,0.13872,-0.073067,-0.038381,0.075677,0.20102,-0.025851,0.052105,-0.03639,-0.071518,-0.030379,0.016725,0.010905,-0.053646,-0.17047,-0.079401,0.080864,-0.060349
-0.22181,-0.054114,-0.14262,-0.044141,-0.35067,0.25995,0.022199,0.089267,0.12666,0.050049,0.005088,-0.12094,-0.24004,-0.067031,0.047086,-0.04731,-0.06137,-0.00018248,0.023737,0.044744,0.075082,-0.068503,0.14605,-0.13678,0.29191,0.075713,0.089489,0.019716,-0.022268,0.20295,-0.00038374,-0.095388,-0.046377,0.061245,-0.050131,0.40163,-0.11089,0.067069,0.049577,0.058412,-0.042175,0.046488,0.025085,-0.046909,0.058848,0.064576,-0.082363,-0.094467,0.012546,0.052221,-0.043165,-0.083548,-0.046086,0.061348,-0.021634
-0.4285,-0.10532,0.052517,-0.13683,-0.47452,0.24653,0.038178,0.12174,0.11844,0.1876,0.17967,-0.13385,-0.22242,-0.076729,-0.010567,-0.061168,0.13816,0.00039842,0.026813,-0.03805,0.091848,-0.014429,0.16697,0.037693,0.33846,0.1219,0.081481,-0.062529,-0.032707,0.046094,-0.0065766,0.034476,-0.11351,0.035429,0.033661,0.21804,-0.069261,-0.062258,-0.09785,-0.10667,0.091169,0.021958,0.08598,-0.076358,0.13045,0.12274,-0.063478,-0.023582,0.038329,-0.0055535,0.021145,-0.015792,0.061941,0.03227,0.052057
-0.59106,-0.17715,0.078495,-0.024525,-0.21648,0.27773,0.0015868,0.11646,-0.052696,-0.012212,-0.33992,0.085518,-0.086883,0.10194,-0.074417,-0.11642,-0.081987,-0.11812,-0.03898,0.0050341,0.086668,0.083187,0.034114,0.074734,0.12179,-0.071599,0.17006,-0.020839,0.0026502,0.24758,0.05524,-0.026987,-0.14598,0.168,0.008758,0.11467,-0.0031356,-0.017355,-0.16398,0.015931,0.093893,0.10963,-0.053121,0.018388,0.10943,0.18831,0.044414,0.041416,-0.037745,0.014159,-0.099382,0.060435,-0.016682,-0.039244,0.00077746
-0.62444,-0.048791,0.049631,0.09965,-0.027786,0.26161,-0.15479,-0.0055568,0.019198,-0.023048,0.13934,0.075979,0.10825,0.13139,0.11666,-0.046116,0.0021013,-0.074969,-0.024675,-0.11949,-0.020106,0.025626,-0.0018248,0.13387,0.14211,0.03631,0.085786,0.05035,0.039235,0.22042,0.062512,0.042765,-0.055682,0.077587,-0.054555,-0.14657,-0.0023387,-0.085888,-0.26348,0.0033552,0.082529,0.053045,0.02967,0.017398,0.10556,0.16957,0.0096785,0.13947,0.014112,0.07128,-0.00057439,-0.031389,0.10065,-0.011456,-0.0033266
-0.54384,-0.13262,0.09859,-0.010552,-0.091085,0.48382,-0.023585,-0.064289,0.13229,-0.13051,0.052716,0.17443,0.030144,0.071234,0.14836,-0.14253,-0.13449,-0.039036,-0.10096,-0.12031,0.029871,0.049075,0.16899,0.063004,0.1495,0.084624,-0.030605,0.090793,0.025239,0.13775,-0.016286,-0.040263,-0.062136,-0.02763,0.060087,-0.21883,0.0055268,0.054367,-0.1887,0.19417,0.024692,0.14549,-0.14799,0.027253,0.084332,0.12463,-0.042907,0.071524,0.050435,0.018032,0.00044052,-0.098346,0.036351,0.0048298,0.075792
-0.16485,-0.1109,-0.034437,0.063433,-0.082385,0.28466,-0.22834,-0.042806,0.15507,-0.18785,-0.18215,0.20013,0.20116,0.023296,0.071197,-0.011869,-0.083743,0.012772,-0.10561,-0.13608,-0.15553,-0.036596,0.17695,-0.032537,0.27639,-0.11821,-0.14822,0.096956,0.045712,0.13943,-0.085008,-0.023317,0.042827,-0.022899,0.034154,-0.18279,0.013154,0.034413,-0.2374,0.20198,-0.036611,-0.011447,-0.14701,-0.0088573,0.065048,0.0089229,0.040234,-0.0051453,0.026428,-0.078355,0.0075676,-0.08308,0.044568,0.04479,0.012459
0.087603,-0.010644,-0.0018686,-0.065268,-0.084306,0.1892,-0.078501,0.064254,0.17063,-0.12234,0.0025979,0.1176,0.14955,-0.032311,0.0088742,-0.058643,0.044029,0.067796,-0.025309,-0.0069007,-0.14055,-0.072773,0.23134,-0.045947,0.46624,-0.095196,-0.23366,0.015023,0.0037106,0.099277,-0.090919,-0.048526,0.026843,0.026753,0.01377,-0.24864,-0.029972,0.071871,-0.12173,-0.087688,-0.057286,-0.10984,-0.047671,-0.02503,0.015755,-0.093317,0.093876,-0.020597,0.011455,-0.066775,-0.077139,-0.096447,0.06085,0.10801,0.014497
0.016127,-0.039265,-0.088283,-0.071808,-0.022057,0.17488,-0.072756,0.015609,0.23168,-0.168,0.12026,0.056784,0.0079202,-0.05355,-0.11185,-0.21049,-0.18278,-0.060236,-0.071522,0.066642,-0.11193,-0.064604,0.19451,-0.057081,0.58111,-0.081481,-0.16549,0.091674,-0.023332,0.2225,0.043912,-0.085237,0.028447,0.0063663,-0.031429,-0.17808,-0.047547,0.12508,0.050996,-0.1575,-0.077887,-0.021073,-0.018114,-0.055221,0.075504,-0.098148,0.044089,-0.0812,0.0055366,0.014765,-0.044761,-0.03165,0.042313,0.107,-0.022825
-0.33358,-0.24271,0.035786,-0.089189,-0.02669,0.23173,-0.08931,-0.0070359,0.20047,-0.086732,0.15614,-0.064923,-0.099385,-0.028725,-0.0090273,-0.064225,0.039459,-0.031304,-0.054213,-0.014347,-0.010588,-0.099366,0.23761,-0.080621,0.35274,0.15945,-0.024535,-0.0077197,0.0098427,0.034559,0.042103,-0.048992,-0.034141,-0.023948,0.043543,-0.097968,-0.00063087,0.10762,0.15926,0.13996,-0.036322,-0.15076,0.036772,0.00577,0.0036114,-0.086378,0.045013,-0.1092,-0.0085101,0.02227,-0.046606,-0.082406,0.0093655,0.025849,0.061404
-0.39373,-0.20985,-0.20475,-0.052591,-0.14202,0.17778,0.099182,0.16137,0.25239,-0.089141,-0.10182,-0.074194,-0.074284,-0.07844,-0.16633,-0.13883,0.060885,-0.030195,-0.018306,0.12666,-0.082475,-0.087805,0.24702,-0.033318,0.38045,-0.0065873,-0.021239,-0.013137,-0.048374,0.1461,0.0080395,-0.040047,-0.039077,0.0092118,0.0064457,0.10795,0.017597,0.11295,0.1585,0.068601,0.0094037,-0.028695,0.12441,-0.0067506,0.15386,-0.2012,0.0082371,-0.089289,0.0016113,0.040004,0.014948,-0.035822,-0.0051947,0.08828,0.021156
-0.58804,-0.20938,-0.24843,0.17588,0.28765,0.14964,0.026743,0.082068,0.0025086,-0.063481,-0.043366,-0.080224,-0.014867,0.038773,0.05332,-0.037125,0.037066,0.0037993,0.037367,0.084526,-0.081154,-0.12592,0.20056,0.0059694,0.22518,-0.075303,0.014142,0.068897,-0.029214,0.21764,-0.0096222,-0.031191,-0.12177,0.11401,-0.099362,0.23869,0.03041,0.0012078,-0.062394,-0.0057387,0.035238,0.01042,0.063072,-0.025687,0.091568,-0.21301,0.066615,0.019426,0.00014087,0.02094,-0.0012254,-0.0094929,-0.049951,0.015602,0.037454
-0.51417,-0.14601,-0.041456,0.19371,0.16271,0.23128,-0.13785,0.025661,-0.023048,0.010662,0.24305,0.025095,-0.012939,0.0071978,0.18309,0.10771,0.14669,0.089776,0.075343,-0.013758,-0.02364,-0.13214,0.17528,0.038248,0.12447,0.062784,0.02258,0.047383,0.023632,0.10108,-0.10008,-0.012134,-0.097329,0.082602,-0.11677,0.15574,-0.028262,-0.081259,-0.086528,0.035937,0.057061,-0.020261,0.21336,-0.045675,-0.0095936,-0.19972,0.11405,0.033494,0.05284,0.063026,0.018623,-0.015442,0.028889,-0.1013,0.013292
-0.38044,-0.012659,-0.020375,0.031771,0.14337,0.24004,0.11713,0.11988,0.17761,-0.2549,-0.052919,0.21777,0.024598,0.012533,0.14873,-0.061658,-0.002712,0.11314,-0.032575,-0.037299,0.083725,0.025765,0.22905,0.077782,0.14918,0.0046171,-0.058758,0.049374,-0.014941,0.15267,-0.14294,-0.070575,-0.062543,0.053734,-0.12924,0.0766,-0.038452,-0.077009,-0.034603,0.17002,0.022492,-0.014181,0.071092,0.0085159,-0.0013175,-0.0052903,0.19449,0.040051,0.036582,0.0016137,-0.079675,-0.038669,0.0045175,0.046238,0.0059283
-0.2636,0.078933,0.058627,-0.019275,0.031083,0.11061,0.01272,0.044358,0.20186,-0.14975,-0.057897,0.24597,0.0032745,0.021103,-0.062982,0.025174,0.03589,0.0010209,-0.0083512,-0.068523,0.10158,0.060628,0.20097,0.13528,0.16216,-0.053353,-0.079142,-0.0095753,-0.058654,0.055508,-0.077207,-0.044685,-0.039543,0.056751,-0.052604,-0.13999,-0.051601,-0.078666,0.05896,0.043994,0.013813,0.030003,0.18138,0.012858,-0.082849,0.10318,0.23763,-0.04972,0.0037217,-0.0072824,-0.1263,0.066121,0.013256,-0.042867,-0.015566
-0.22933,0.027176,-0.023236,-0.059115,-0.17829,0.18899,-0.18086,0.020606,0.20689,-0.087642,0.038028,0.1929,0.03828,0.058624,-0.19699,-0.054122,0.22024,-0.014481,-0.14177,-0.078618,-0.069889,0.039506,0.42572,0.022637,0.22726,-0.13341,-0.10275,0.018554,-0.0040832,0.00036208,-0.01591,0.015451,-0.016678,0.013763,0.023064,-0.12636,-0.028061,-0.048371,0.13409,-0.11593,-0.0084999,-0.016978,0.078457,0.019803,0.031987,0.16037,0.16037,-0.055405,0.022264,-0.014595,-0.072388,0.10114,-0.043839,0.033985,0.067082
-0.28873,-0.01481,-0.10026,0.0043163,-0.075647,0.15903,-0.13035,0.040956,0.18246,-0.34189,0.12737,0.14867,0.075561,0.12487,-0.048277,-0.15643,0.1488,0.018584,-0.14557,-0.083778,-0.0026747,0.013795,0.24556,-0.033365,0.2141,0.0024382,-0.021878,0.02704,-0.0058003,0.076683,0.013647,-0.052002,0.1093,-0.044541,0.063103,0.060716,0.011613,0.068475,0.08501,-0.097524,-0.034915,-0.04778,-0.034933,0.035686,0.081034,0.043222,0.090047,-0.034202,-0.015061,0.035603,-0.081253,-0.020131,-0.060137,0.12159,-0.0071022
-0.27394,-0.036172,-0.089723,-0.074668,-0.21415,0.14549,-0.17708,-0.057464,-0.017787,-0.097222,0.10923,0.04378,0.050624,0.12055,-0.061359,-0.066035,-0.03737,-0.071776,0.018829,0.03667,-0.13723,-0.039189,0.10411,-0.027348,0.29753,-0.041527,-0.010572,-0.039057,0.044532,0.095669,0.064979,-0.028618,0.019888,0.0019489,0.08311,0.19072,-0.020624,0.030612,0.04934,-0.19177,0.042527,0.066135,-0.1289,-0.017988,0.068599,-0.064514,0.049969,-0.003898,0.0084155,0.032116,-0.1124,0.18636,-0.028513,-0.030088,-0.06664
-0.2705,-0.091106,-0.12651,-0.17174,-0.043471,0.19343,-0.11794,-0.028648,0.097129,-0.19719,0.053612,-0.017786,0.1167,0.061755,-0.064857,0.018025,-0.0051926,-0.061373,-0.064756,-0.019142,-0.12917,0.094237,0.15597,0.034155,0.082806,0.057819,-0.020812,0.035433,0.066869,0.0099635,0.029905,0.011822,0.0096128,0.044604,0.081698,0.2013,0.013636,0.084063,0.027485,-0.045046,-0.023687,0.090893,-0.14096,0.029282,0.13402,0.088889,0.019729,-0.014969,-0.011774,0.038727,0.10181,0.036225,-0.093244,0.063911,-0.0013471
-0.41534,-0.10779,0.026892,-0.14762,0.019438,0.37437,-0.096744,0.042748,0.072725,-0.16466,0.18331,-0.023473,0.12966,0.011718,0.007087,-0.11015,-0.0046149,0.081721,-0.092763,-0.079188,-0.083064,0.036623,0.12499,0.072154,0.063398,0.21682,0.020163,0.057818,0.017721,0.24289,0.15623,0.004221,0.071883,0.11038,0.0038579,0.10869,0.027551,0.070263,-0.011735,0.10763,0.018146,0.03909,-0.078387,-0.061416,0.12402,0.039824,-0.00012971,-0.026214,0.00083831,0.10678,0.18372,-0.0048009,-0.023387,0.012341,-0.015062
-0.29441,-0.064053,-0.006679,-0.15966,0.1558,0.32319,0.025155,-0.029087,-0.038471,0.082425,-0.17366,-0.08509,0.1565,-0.12472,0.098492,0.032536,0.12552,0.1528,-0.02142,0.08907,-0.076739,-0.033315,0.20243,0.16276,0.23053,-0.047187,-0.066747,0.049791,0.040485,0.067592,0.008888,0.063027,0.032497,0.093403,0.057158,-0.017041,-0.014793,-0.0081324,-0.02621,0.19479,0.048545,0.088171,-0.12016,-0.062135,0.036982,0.031217,0.03072,0.015307,0.076177,0.0053132,0.1035,0.048553,0.022429,-0.085374,-0.035205
-0.065396,-0.0058446,-0.08923,-0.12295,0.13825,0.33769,-0.024119,0.062351,-0.066278,0.1274,-0.12591,-0.034018,0.081231,-0.13882,0.14367,0.11317,0.043294,0.13523,0.040388,-0.068597,-0.08116,-0.023809,0.24878,0.096843,0.42966,-0.068407,-0.10688,0.033458,0.087312,0.059095,-0.09491,0.00078333,-0.014205,0.056057,0.0018935,-0.061589,-0.006105,0.0064328,-0.12083,0.28951,0.096181,0.13221,0.12291,0.088502,-0.053531,-0.010123,0.1085,0.0050207,0.053548,-0.022665,-0.044537,0.072234,-1.5464e-05,-0.063473,-0.00285
0.071164,0.053535,0.072885,-0.023448,-0.032779,0.29292,0.069452,-0.022568,0.11079,0.041835,0.040025,0.051214,0.072625,-0.073149,0.04987,-0.030627,-0.052386,0.19171,-0.02224,-0.096134,-0.07479,0.073265,0.083367,0.022607,0.31764,-0.034575,-0.10261,0.10501,-0.010398,0.27564,-0.037825,-0.0056452,0.005017,-0.001536,-0.078365,-0.19124,0.041793,0.038042,-0.019436,0.0034552,0.0098845,0.029238,0.061794,0.12977,-0.021999,0.025676,0.042683,0.063924,-0.10185,0.012607,-0.13131,-0.0067692,0.0080125,0.0064982,-0.11896
-0.078021,0.025705,0.32488,0.056372,-0.14281,0.2482,0.23048,-0.067661,0.16569,0.090736,0.11904,-0.094604,-0.1216,-0.081763,-0.069758,0.14257,-0.019664,0.10701,-0.055448,-0.10238,0.18146,0.1203,0.12972,0.089903,0.17686,0.062686,0.012586,0.052564,0.0045058,-0.02356,-0.12464,-0.025407,-0.13073,-0.055029,0.052922,-0.23664,0.040626,0.00032396,-0.015897,-0.11577,0.024998,-0.0036732,0.0082683,0.004545,-0.098474,-0.054264,0.19825,0.09714,0.017159,0.023506,0.0038186,-0.032484,-0.012559,0.045016,-0.027692
-0.18252,-0.0042925,0.29813,0.27369,0.041879,-0.068992,-0.059054,0.041487,0.26532,0.043073,-0.028198,0.059846,-0.012673,0.025796,0.0019478,0.12867,0.14948,0.014425,0.017679,0.053483,-0.11391,-0.037242,0.091297,0.048652,0.43407,-0.15606,-0.014756,0.014007,0.094597,0.048901,-0.23495,-0.051129,-0.23443,-0.040938,0.069197,-0.11695,0.069185,-0.12778,0.039019,-0.045296,0.014361,-0.19141,-0.0010849,-0.087818,-0.13989,-0.054198,0.10681,0.070686,-0.0017365,0.012551,-0.12671,0.010864,0.019319,0.089328,-0.058212
-0.23526,0.0051326,0.20675,0.18889,-0.058857,-0.28362,0.040807,0.045426,0.3318,-0.24565,0.16419,0.0082809,0.049263,0.068209,-0.060879,0.013597,0.035406,-0.067033,0.048482,0.11143,0.033551,-0.050842,0.097781,0.029087,0.51363,-0.042728,-0.0010917,-0.082255,0.10285,0.078508,-0.18724,-0.0021352,-0.039643,-0.040489,0.039733,-0.093722,0.035495,-0.1959,0.14248,-0.05777,-0.0262,-0.17879,0.1771,0.0058785,-0.11645,0.0019262,0.080124,-0.040134,-0.067068,0.050309,-0.017686,-0.13546,0.085211,0.045455,0.0032699
-0.35972,-0.22965,-0.081032,0.026813,0.10864,-0.38939,0.021554,-0.01111,0.16368,-0.18507,0.20703,0.026205,-0.13444,0.15114,0.010157,-0.13159,-0.049192,-0.059166,0.0196,0.034977,0.16017,-0.023982,0.14304,-0.037137,0.56729,-0.031591,0.023872,-0.16203,0.06402,-0.0058474,-0.082682,-0.028429,-0.13904,-0.093854,0.025106,-0.031706,-0.027001,-0.14221,0.36634,-0.065854,0.023376,-0.025893,-0.14173,-0.081978,-0.077255,0.035612,0.22012,-0.077188,0.0049651,-0.040406,-0.1473,0.033966,0.061214,0.17209,0.023956
-0.29664,-0.42306,-0.29997,-0.19724,0.55606,-0.49045,-0.020576,-0.018353,-0.22321,-0.2273,-0.034881,-0.023711,0.16513,-0.031271,-0.033825,0.069836,0.1355,-0.12361,0.031091,-0.068505,-0.17031,0.039712,0.032045,-0.040373,0.26593,0.048102,0.036219,-0.15359,0.051732,-0.20581,-0.0045455,0.13014,0.0059865,0.013691,-0.0036825,0.047065,-0.061197,-0.245,0.30345,-0.18852,0.0087458,-0.15765,-0.10254,0.0095008,-0.18931,-0.12054,0.17218,-0.12048,-0.023089,-0.080101,0.00045785,-0.0054509,-0.041681,-0.044076,-0.0069743
-0.56934,-0.26476,-0.36604,-0.29915,1.061,-0.40162,-0.14792,0.076188,-0.22192,-0.26523,-0.094713,-0.060709,0.073545,-0.10367,-0.14536,-0.039932,0.063538,-0.10476,0.047052,-0.079053,-0.10679,0.01687,0.023901,-0.089228,0.075716,-0.012104,0.063087,-0.13718,0.14049,-0.11209,-0.073631,0.083512,0.036228,-0.0010904,-0.0302,0.324,-0.023505,-0.11934,0.29004,-0.26044,0.04235,-0.13318,0.051738,0.15488,-0.095425,0.020631,0.087271,-0.022069,-0.010556,-0.061639,0.035315,0.011085,-0.13833,-0.013037,-0.0065342
-0.83889,-0.10046,-0.12413,-0.16871,1.248,-0.16843,-0.14883,-0.032211,0.36939,-0.10863,0.17487,0.012857,0.11728,-0.022289,-0.42549,0.0074108,-0.044753,-0.19329,0.041361,-0.10684,-0.12968,-0.070867,0.16245,0.11422,-0.49268,0.49472,-0.035446,-0.046507,0.062527,0.002772,0.097724,0.01092,-0.025467,-0.030701,-0.049744,0.40965,-0.051267,0.039031,0.30856,-0.3254,-0.11717,0.18229,-0.092455,0.19284,0.046376,0.1397,0.052827,0.1569,-0.056537,0.0033694,-0.054274,-0.019668,-0.20372,-0.063985,-0.027804
-0.76851,0.32295,-0.10683,-0.11557,0.78871,0.0089441,-0.14825,-0.075423,0.067991,-0.037774,-0.094224,0.10596,-0.015952,-0.30211,-0.26313,0.09317,-0.0038003,-0.064638,-0.019646,0.04336,0.02475,-0.038002,0.364,0.2494,-0.45172,-0.11765,-0.11231,-0.040055,-0.04407,-0.22081,0.023366,-0.013738,0.012477,-0.014186,0.020857,0.38846,-0.06922,0.090491,0.1615,0.13844,-0.10292,0.18659,0.1235,0.12239,0.13408,0.018871,-0.13724,0.059207,0.055975,0.24154,-0.064509,0.013398,0.0061852,-0.17507,-0.01993
-0.38086,0.77422,-0.021428,0.26408,0.57004,0.16622,-0.30143,-0.050436,-0.42002,0.13918,0.072966,0.08293,0.0032103,-0.2419,0.39747,-0.064874,-0.12964,-0.067334,-0.16104,0.011279,-0.36393,0.064662,0.22988,-0.10825,-0.52606,-0.27933,-0.15018,0.043899,-0.00039151,-0.029112,-0.041618,-0.13288,-0.074185,-0.061721,0.025734,0.5669,0.085063,0.18821,-0.17745,0.22724,-0.006461,-0.10649,0.0066755,-0.02356,0.20934,0.19853,-0.1915,0.17733,0.096774,0.14917,-0.14028,0.016677,-0.052519,0.070954,-0.080177
0.10066,1.1432,0.076254,0.36178,-0.31007,0.34911,0.067098,-0.0079012,-0.39672,0.022908,0.36352,-0.096333,0.15624,-0.10388,0.29333,0.2776,0.066637,0.030274,-0.12898,-0.26243,-0.26127,-0.0028044,0.22588,-0.082602,-0.43997,0.020846,-0.14697,0.043506,-0.07744,-0.064639,0.069888,-0.16499,-0.0097965,-0.055934,0.07443,0.16786,0.11846,0.13324,-0.35621,0.032125,-0.018057,0.06607,0.23903,0.010229,0.12502,0.25265,-0.03426,0.13858,0.075057,0.037197,0.15641,-0.079452,0.0043937,0.019725,-0.13296
0.56505,0.98349,0.090396,0.24362,-1.2072,0.58278,-0.0048336,-0.07572,-0.49328,0.25684,-0.32285,-0.080592,0.11647,0.0566,-0.16802,0.16857,0.033488,0.029873,-0.29648,-0.2618,-0.20449,0.061528,0.21695,-0.076127,-0.16128,-0.077517,-0.099982,-0.040434,-0.064997,0.053184,0.12239,-0.1508,-0.2057,0.12316,0.050203,-0.32845,0.062544,0.10145,-0.22925,-0.071252,0.096562,0.12398,0.088374,-0.033741,0.097374,0.36134,0.078259,0.054572,0.12545,-0.0089511,0.091149,0.023306,0.032913,-0.093553,-0.04563
0.75405,0.4861,0.33841,0.054235,-1.4636,0.57768,-0.11895,-0.13988,-0.0221,0.19685,-0.1755,-0.02582,0.13346,0.20888,-0.14292,0.068776,-0.12046,-0.14319,-0.11875,-0.3497,-0.18967,0.035815,-0.2691,-0.13649,0.11026,0.067933,-0.11321,0.04426,0.0055365,0.14882,0.14762,-0.032432,-0.26761,0.097566,-0.11935,-0.57939,0.011959,-0.12153,-0.076533,0.06045,0.051849,0.0030362,0.19744,-0.0022102,0.067738,0.20766,-0.11442,-0.0016246,0.094306,0.023352,0.13914,-0.014183,0.28727,0.086227,-0.067661
0.67416,-0.1941,0.36276,0.014501,-0.98923,0.4448,0.044355,-0.19151,0.14819,0.18796,-0.24663,-0.013437,-0.15384,0.25529,-0.20326,0.075887,0.0039215,0.025814,0.082488,-0.43168,0.24812,0.063592,-0.31611,-0.094642,0.38414,0.17311,0.053094,0.024732,0.041121,0.093712,0.12899,0.060192,-0.067224,0.14648,0.0033196,-0.44549,-0.060985,-0.16684,0.071523,0.030708,0.033513,-0.17388,0.11067,-0.0033375,0.016503,0.14186,-0.12077,-0.059966,0.006332,-0.04278,0.17983,-0.044628,0.22551,0.033648,0.092408
0.33711,-0.50234,-0.1676,-0.14225,-0.31881,0.069139,-0.057311,-0.16939,0.30922,0.053642,-0.14911,0.31358,-0.27599,0.21798,-0.0015827,-0.1433,-0.12601,-0.070142,0.26817,-0.24817,0.28709,-0.16415,-0.5656,-0.097482,0.63108,-0.047901,0.11292,0.034224,0.040486,0.17674,0.03567,0.027271,-0.044643,0.16826,-0.014868,-0.050959,-0.17568,-0.014156,0.068261,0.11247,-0.13951,0.041318,-0.20808,0.021983,0.021813,-0.0047379,-0.12061,-0.17987,0.02753,-0.13111,-0.039722,0.025295,0.1316,0.070725,-0.026251
-0.046351,-0.62611,-0.36393,-0.23682,0.043798,-0.10401,0.015997,0.075545,0.45103,-0.048044,0.0029456,0.25477,-0.21957,-0.053804,0.0031584,0.014587,0.26275,-0.0097964,0.21026,-0.19324,0.11092,-0.29159,-0.51843,0.032864,0.41803,0.072372,0.15435,0.00036512,0.041869,-0.023287,-0.15225,0.071412,0.026943,0.10644,0.087372,0.13587,-0.15071,-0.062646,0.0056806,0.16659,-0.14704,0.065021,-0.145,-0.068146,0.13061,-0.17069,-0.21813,-0.11825,0.088887,-0.12554,-0.094193,-0.051778,0.019284,0.1631,0.070191
-0.49163,-0.41776,-0.40506,-0.052936,0.2662,0.022005,-0.11684,-0.063074,0.1373,0.03736,0.35811,0.12242,-0.22721,-0.1223,0.093833,-0.0072966,0.16068,-0.014651,0.20135,0.079457,0.060556,-0.18195,-0.37323,0.01273,0.24125,0.032471,0.15895,0.037172,-0.042074,0.0036798,0.059325,0.054322,0.22751,0.15196,0.047786,0.26221,-0.12141,0.054284,-0.085867,-0.057682,-0.065682,0.069486,-0.165,-0.15902,0.15464,-0.22178,-0.12965,0.020015,-0.056471,-0.012953,-0.19964,0.041684,-0.14734,0.080066,0.091931
-0.60203,-0.16333,-0.32731,0.022848,0.44427,0.082561,-0.039055,-0.091897,0.13097,-0.078946,0.071294,-0.041673,0.086306,-0.13374,0.11778,0.073535,0.096262,0.06628,0.092203,0.20461,-0.0241,-0.1288,-0.11307,0.065109,-0.0028554,-0.041491,0.03281,0.016179,-0.087348,-0.02413,-0.036559,0.006295,0.17409,0.090081,0.096677,0.17534,-0.076284,0.06284,-0.21234,0.15244,0.0058308,0.11861,-0.078704,-0.070882,0.10027,-0.11621,0.035687,0.059054,-0.025026,-0.079124,-0.28815,0.0076659,-0.19405,-0.028084,0.065615
-0.45129,0.076829,-0.13473,0.023127,0.058472,0.44586,0.0055624,0.10275,0.060107,-0.088593,0.17386,-0.10549,0.11065,-0.10699,0.013797,0.12579,0.17561,0.059976,0.026227,0.41689,-0.1063,-0.075,0.056932,0.16214,-0.03884,-0.037881,-0.13447,0.02029,-0.074421,-0.10673,-0.053086,-0.077956,0.076933,0.059924,0.037482,-0.076955,0.014723,0.19591,-0.38758,0.003865,0.079282,0.057749,0.18524,0.11028,0.050528,-0.070882,0.035041,0.042933,0.049388,-0.027519,-0.11437,0.04328,-0.033002,0.026889,0.12638
-0.34003,0.1418,0.06837,0.020103,-0.29289,0.58315,0.17496,0.076229,0.025936,-0.1222,0.13548,-0.13469,0.21326,0.075789,0.022933,-0.075053,0.03663,-0.092295,-0.17186,0.39911,-0.062826,-0.062256,0.040025,0.11244,-0.17371,-0.044919,-0.14436,0.064399,-0.0082693,0.16726,0.092643,-0.051015,-0.0048503,-0.068634,-0.09078,-0.37712,0.040705,0.18737,-0.18853,0.057754,0.099019,0.08733,-0.00099401,0.1547,-0.11231,0.040479,-0.0072123,0.024206,0.010864,0.054791,-0.03,0.1242,0.091962,0.0548,0.091245
-0.087226,0.07978,0.29644,-0.037541,-0.3345,0.49723,0.048394,-0.014295,-9.8529e-05,-0.044577,0.085667,-0.19147,0.19741,0.10706,0.19354,0.13824,0.05731,-0.011981,-0.23982,0.22978,0.072736,-0.049336,0.076783,0.030859,-0.025639,-0.052323,-0.086737,0.045362,0.050799,-0.068223,0.082685,-0.0031053,-0.086494,-0.1597,-0.13027,-0.40037,-0.01832,0.18927,-0.19633,-0.037107,0.046196,-0.024204,0.068518,0.09221,-0.25711,-0.075366,0.13861,-0.072251,0.061056,-0.028855,0.23299,0.0071919,0.14883,0.029853,0.13157
0.27447,-0.13104,0.43636,-0.033567,-0.13224,0.31933,0.0039307,-0.079943,0.029592,-0.010953,-0.28527,0.016182,0.19642,0.10315,0.056507,0.070263,0.14787,0.11689,-0.231,0.15042,-0.049567,0.0052992,0.11375,-0.018276,0.4157,-0.27028,-0.1025,0.07428,0.084913,0.15056,0.055543,-0.022862,-0.055338,-0.021311,-0.093128,-0.29321,-0.050953,0.13864,0.01941,-0.16511,0.014642,-0.20451,0.14953,-0.065249,-0.33973,-0.24169,0.094083,-0.060259,0.078847,-0.012589,0.21305,0.12219,0.10844,0.083992,0.052748
0.36374,-0.21063,0.53163,-0.16087,0.074092,0.001232,0.18851,-0.023607,0.2623,-0.10506,0.38715,0.0094733,0.094401,0.11627,0.070063,-0.010213,0.11127,0.13307,-0.093829,-0.12419,0.19322,0.036784,0.04718,-0.056415,0.58286,-0.010479,-0.11226,0.0207,0.13032,0.10192,-0.077865,0.074137,-0.036751,-0.20678,-0.040266,-0.27343,-0.031638,0.032182,0.14412,-0.41967,-0.0002667,-0.17893,0.2692,-0.09802,-0.40904,-0.24708,0.17939,0.045315,0.022102,0.078843,0.28888,0.063154,0.12952,0.20888,0.056962
0.20838,-0.27051,0.50393,-0.11271,0.35926,-0.57578,0.24365,0.096579,0.51427,-0.02583,0.12238,0.053498,-0.084268,0.032959,-0.068655,-0.063143,0.22542,0.12982,-0.025009,-0.058686,0.37316,-0.049022,0.0047496,-0.15999,0.68739,-0.040961,-0.035464,-0.082211,0.11989,0.16557,-0.11908,0.13055,-0.049935,-0.21265,0.083147,-0.085267,0.010463,-0.12183,0.50454,0.024613,-0.022482,-0.14802,0.10124,-0.16248,-0.44482,-0.12549,0.09149,-0.043238,-0.044871,0.097789,0.16023,0.087126,0.048141,0.068362,0.0061072
-0.18582,-0.22859,0.26158,0.1247,0.68563,-1.1339,-0.24484,-0.16215,0.57802,0.0012482,0.059113,-0.11608,-0.002194,0.021404,-0.21553,0.14044,0.15502,-0.048415,0.12073,0.11805,0.28097,0.0447,0.038811,-0.20491,0.52857,-0.049867,0.020833,-0.056712,0.077175,0.14484,0.0055592,0.29458,0.075871,-0.13308,0.033033,0.14976,0.071638,-0.21253,0.50802,0.071402,-0.018093,-0.21946,0.066542,-0.11292,-0.23331,-0.095907,0.079676,0.029051,-0.21374,0.073844,0.053727,-0.0084669,-0.014049,0.088718,-0.021994
-0.69635,0.063406,-0.24421,0.23181,0.36472,-1.3489,-0.12132,-0.071742,-0.12618,-0.097397,0.0015462,-0.12647,-0.06705,-0.21227,-0.52307,0.1559,0.13847,-0.098011,0.14624,0.18796,0.28784,0.12025,0.23009,0.10471,0.37632,-0.17052,0.064318,-0.10212,-0.072934,0.085227,-0.042915,0.28956,0.029709,0.0042105,0.0068893,0.2896,0.068027,-0.32656,0.46505,-0.1809,0.15344,0.078806,0.22964,-0.15967,-0.17039,-0.10237,-0.003698,0.093964,-0.12913,0.044632,-0.12591,0.14628,-0.064147,0.047874,-0.05022
-1.1335,0.26111,-0.60981,0.31008,0.062889,-1.2377,-0.296,-0.076487,-0.96068,-0.098362,0.35077,-0.12053,-0.1466,-0.36671,-0.026918,0.25872,0.16809,-0.19473,0.18107,0.15325,0.082093,0.077357,0.02368,0.089574,-0.15131,-0.031991,0.11109,-0.031438,-0.19917,0.025662,0.036865,0.37114,0.059727,0.0018251,-0.069595,0.53082,0.053657,-0.41714,0.10795,-0.36872,0.2,0.24277,0.0044775,-0.10602,-0.17213,-0.051829,-0.073167,0.073324,-0.039394,0.025053,-0.073744,-0.015715,0.05709,-0.088252,-0.038424
-1.1613,0.21939,-0.3342,0.11058,-0.40861,-0.87562,-0.28503,-0.20094,-0.16629,-0.15185,0.040829,0.064565,-0.11623,-0.45507,0.2472,0.21496,0.093204,-0.025692,0.11944,-0.06192,0.032785,0.099029,0.1311,0.053965,-0.8544,0.68655,-0.044879,-0.054846,-0.36752,-0.06086,-0.15732,0.32861,0.033396,0.087321,-0.050225,0.44205,-0.00037109,-0.39247,0.059955,-0.046725,0.11498,0.19783,-0.051444,0.083371,-0.16086,0.12904,-0.16715,0.057749,0.0085829,0.021995,-0.06049,-0.053114,0.13151,-0.041644,0.062388
-0.62875,0.18585,-0.096877,0.16317,-0.4798,-0.78364,-0.14976,-0.20932,0.034083,-0.21633,-0.6447,0.19405,0.054825,-0.2302,0.010307,0.20526,-0.06076,0.039791,0.030345,-0.30973,-0.19174,0.21986,-0.019749,0.17008,-1.2152,0.36795,-0.21283,0.0044434,-0.47028,-0.14281,-0.015849,0.32233,0.040624,0.052993,-0.072729,0.15551,-0.025288,-0.18762,-0.10555,-0.10202,0.017124,0.16509,-0.0029901,0.26137,-0.020224,0.14911,-0.042397,0.073701,-0.00011544,0.07858,-0.014914,0.0057706,0.092731,-0.020763,-0.025141
0.013493,0.062947,0.1126,0.1049,-0.50799,-0.66193,0.027389,-0.31061,-0.78692,-0.089686,-0.63763,0.26708,0.10083,0.024077,-0.053051,0.14757,-0.10918,0.12481,-0.18035,-0.72968,-0.46157,0.2037,0.0010151,0.2398,-0.93,-0.54339,-0.33102,-0.065565,-0.43118,-0.18519,-0.027542,0.28191,0.035628,-0.046467,0.021666,-0.013516,-0.067787,-0.017426,-0.21261,0.15541,-0.096919,0.081998,0.077127,0.37469,-0.14768,0.27451,-0.084159,-0.079672,0.11236,0.12347,0.021914,0.01022,0.072681,-0.1509,0.053034
0.64279,0.027759,0.052944,-0.076955,-0.26749,-0.54478,0.20489,-0.23423,-0.47126,0.10927,0.091007,-0.02591,0.059144,0.22098,0.34474,0.022671,-0.067258,0.17548,-0.21183,-0.76755,-0.94439,0.18517,0.16262,0.025609,-0.49731,-0.040514,-0.47719,-0.056541,-0.25143,-0.2573,0.02555,0.17376,0.0093341,-0.0070466,0.13957,-0.19226,-0.091888,0.11259,-0.28293,0.13688,-0.14638,0.10613,0.020971,0.27586,-0.06103,0.26695,-0.065086,-0.062193,0.13973,0.049774,-0.068652,0.064862,0.031097,0.018807,0.15418
1.2623,-0.1697,-0.0073029,-0.1954,-0.11645,-0.5956,0.37298,-0.075278,0.068583,0.095374,0.048444,-0.10307,-0.022706,0.24761,0.18644,0.028082,-0.088332,0.27776,-0.24637,-0.60737,-1.0074,0.1983,-0.070955,-0.15266,-0.47327,0.34936,-0.40334,0.020777,-0.23722,-0.35769,0.021796,0.12337,0.17118,0.12028,0.1904,-0.39929,-0.029752,0.1716,-0.14923,0.27761,-0.21529,0.22946,-0.046587,0.089257,0.047541,0.14437,0.0095469,-0.20917,0.092955,0.15281,-0.029162,0.11752,-0.064852,-0.057821,0.083529
1.0007,-0.21597,-0.14919,-0.28406,0.302,-0.47835,0.5354,-0.13332,-0.11205,0.21147,-0.44561,-0.38804,-0.23573,0.26876,0.025087,-0.017075,-0.23795,0.25456,-0.24271,-0.29122,-0.79337,0.18227,0.067071,-0.13929,-0.41908,-0.070751,-0.18963,0.022035,-0.13076,-0.37194,0.18498,0.14245,0.28229,0.22367,0.20719,-0.41539,-0.091727,0.21874,-0.086621,0.21618,-0.18141,0.23666,0.034482,-0.16097,0.0073102,0.02347,-0.051372,-0.083698,0.056227,0.19158,-0.076678,0.18955,-0.1386,-0.011826,0.16938
1.02,-0.24671,-0.34047,-0.22638,0.41685,-0.55857,0.59373,0.082628,-0.074682,0.16017,0.048413,-0.3879,-0.36598,0.2325,0.13531,-0.0090656,-0.27659,0.29349,0.0011285,0.0063611,-0.66596,0.12509,0.05813,-0.22376,-0.3613,-0.092415,-0.039184,0.17398,-0.040682,-0.46692,0.17589,0.036332,0.22392,0.2264,0.071217,-0.26248,-0.0046874,0.11765,0.20092,0.14218,-0.16803,0.036719,-0.1082,-0.15288,0.088216,-0.17785,-0.051292,0.09781,-0.00028323,0.066985,-0.13494,0.18849,0.0008672,-0.060038,0.046511
1.1395,-0.31932,-0.040497,-0.040833,0.46769,-0.35889,0.64269,0.045965,-0.1941,0.27606,-0.0022175,-0.40904,-0.44892,0.19745,-0.16987,-0.027311,-0.29899,0.53596,0.067313,-0.04913,-0.17557,0.23596,0.14608,-0.11389,-0.54513,0.13243,0.13119,0.11482,-0.0046682,-0.5428,0.11442,-0.038223,0.21615,0.23983,0.082776,-0.1252,0.069159,-0.035836,0.26419,-0.00071456,-0.052085,-0.20531,-0.38043,-0.2422,0.074874,-0.062871,0.063615,0.19058,-0.028104,-0.090018,-0.23492,0.14542,-0.02218,-0.15163,0.13291
1.0295,0.049321,-0.12153,0.27836,0.80972,-0.45436,0.42694,0.043933,0.067579,-0.037412,-0.15032,-0.3714,-0.3338,0.27667,-0.25239,-0.1358,-0.33632,0.41455,0.17443,0.2183,0.2121,0.021316,-0.012369,0.15337,-0.48534,-0.087751,0.11228,0.11519,0.17645,-0.56447,0.058465,-0.15817,0.1903,0.05562,0.037868,0.037501,0.13072,0.041526,0.25526,-0.10706,-0.076727,-0.12975,-0.183,-0.022189,0.17427,-0.05217,-0.017742,0.2517,-0.10127,-0.13673,-0.12149,0.030173,0.042772,0.102,0.049546
1.1042,0.047193,-0.18693,0.32875,0.18886,-0.4025,0.39986,0.158,-0.26439,-0.066398,-0.0026487,-0.25708,-0.10788,0.18785,-0.27198,-0.13008,-0.271,0.25516,0.095594,0.070379,0.082504,-0.13206,0.0016724,0.39316,-0.40013,0.026636,0.21532,-0.060771,0.24577,-0.52599,-0.12452,-0.19116,0.19554,-0.015377,0.18196,0.28105,0.12688,0.019403,0.21243,-0.12336,-0.070996,-0.15491,-0.058739,0.048453,0.15516,-0.071869,-0.14259,0.12497,-0.18221,-0.1253,0.0068597,-0.027565,0.10287,-0.25372,0.018198
0.89322,0.44667,-0.48978,0.054306,-0.36452,-0.24432,0.33166,0.093576,-0.16547,-0.059271,0.13862,-0.21673,-0.27736,0.10662,0.51647,-0.15745,-0.48848,0.13827,0.21307,0.44146,0.25869,-0.22369,0.14432,0.24839,-0.14757,-0.17937,0.11629,-0.13612,0.21589,-0.50261,-0.091454,-0.20962,0.12437,-0.011791,0.098095,0.2373,0.053331,-0.016547,0.11074,-0.23649,-0.011532,-0.043345,0.036243,0.059891,0.23699,-0.19884,-0.1737,0.12955,-0.27313,-0.012649,-0.017529,0.035054,0.19634,-0.064918,0.0032224
0.68122,0.3133,-0.41272,0.20305,-0.13808,0.13881,-0.020777,0.10914,0.27901,0.15935,-0.0093968,-0.18263,-0.11875,-0.0579,0.35359,-0.085448,-0.3205,-0.092211,0.17401,-0.070905,0.26943,-0.29312,0.10571,0.16648,-0.69437,0.47638,0.3169,-0.048301,0.18915,-0.41359,-0.058136,-0.23052,0.08327,0.10376,-0.05609,0.06921,-0.0068893,-0.050441,-0.029823,-0.11935,0.073628,0.10463,-0.10137,-0.14376,0.16812,-0.059897,-0.14032,0.030783,-0.23964,-0.051309,0.12223,-0.060358,-0.28138,-0.12649,-0.0094212
0.35969,0.27216,-0.32381,0.082252,-0.46143,0.87626,-0.034039,0.19503,-0.80604,0.071654,-0.3208,-0.026661,-0.066305,-0.091793,-0.0028433,-0.016351,-0.39711,-0.3309,0.1492,0.011409,0.37107,-0.32452,-0.074074,0.17135,-0.51525,-0.45052,0.4017,-0.034897,0.1925,-0.35369,-0.036179,-0.12313,-0.0012307,0.14211,-0.074131,-0.16491,0.035688,-0.1111,-0.14354,-0.32109,0.12953,0.18262,-0.063163,-0.1868,0.0080134,0.090218,-0.11512,0.14898,-0.22807,0.069296,0.22532,-0.13362,-0.28352,-0.24606,0.069512
1.0755,0.11932,-0.21046,-0.065215,-0.55286,0.6485,0.051429,0.0006988,0.20732,0.08006,0.21905,0.14936,0.059951,-0.12762,0.18164,-0.155,-0.30184,-0.35561,0.32837,0.24914,0.59108,-0.37094,-0.22595,-0.036806,-0.53343,-0.047127,0.10604,0.016697,0.051789,-0.092867,-0.026255,-0.13472,0.023966,-0.090073,-0.22587,-0.13453,-0.015288,-0.06802,-0.13976,0.40892,0.025006,0.011072,-0.014351,-0.061729,0.028868,-0.0067061,-0.00073014,0.23024,-0.25016,-0.05437,0.24755,-0.11035,-0.043381,-0.12468,-0.14731
1.2758,-0.080123,0.24091,0.036421,-0.55817,0.59317,-0.27742,-0.051571,0.83279,0.35405,0.0016675,0.25773,0.11379,0.024064,-0.21307,-0.02097,-0.16642,-0.43329,0.26827,0.59071,0.42683,-0.051842,-0.14863,0.055468,-0.15404,0.15075,-0.11885,-0.0011003,-0.046085,-0.095135,0.095593,-0.083109,-0.064701,0.043713,-0.32746,-0.42511,0.068884,0.050922,-0.18827,0.25898,0.10604,0.16016,0.25182,-0.018047,0.14279,0.04078,0.04308,0.11425,-0.17568,-0.16107,0.050932,-0.03153,0.15457,0.02943,-0.038446
0.75523,-0.12676,0.028613,-0.019001,-0.37162,0.43588,-0.18375,-0.006631,-0.028117,0.089445,0.13724,0.43554,-0.088999,-0.068011,-0.020564,-0.085856,-0.21241,-0.42492,0.015287,0.5966,0.69505,0.05292,0.025225,-0.14892,0.31368,-0.69174,0.24209,0.096537,-0.07933,-0.16409,0.081155,-0.060243,-0.0062653,-0.13229,-0.25153,-0.28508,0.074729,0.26423,-0.033056,0.18692,-0.051105,0.083819,0.29119,0.14461,0.043498,0.060408,-0.082364,-0.048892,-0.086652,-0.1373,0.14777,-0.025536,0.071136,-0.058425,0.089922
0.50687,-0.28784,0.19058,0.10381,-0.17079,0.31458,-0.25664,-0.026463,0.053927,0.21048,0.36235,0.16213,-0.021515,0.043997,0.097217,-0.033485,0.042079,-0.24973,-0.15161,0.19176,0.64758,0.025627,-0.13176,-0.039683,0.64721,-0.0059876,0.49579,0.02068,-0.0047039,0.08058,-0.011609,-0.10839,-0.017561,-0.13769,-0.10092,-0.12111,0.018874,0.14544,0.050729,0.17052,-0.019648,0.11818,0.037327,0.1415,0.043929,-0.17443,0.057485,-0.12974,-0.036695,-0.1625,-0.098875,-0.08703,0.12795,0.0051806,-0.024553
-0.00025533,-0.3937,0.12209,-0.21671,-0.082002,0.25955,-0.039297,-0.014532,0.00010132,0.27342,0.054452,0.075188,-0.072713,-0.14876,-0.10061,-0.043739,-0.017514,-0.14567,-0.060017,0.39186,0.32973,0.11895,-0.02763,-0.14063,0.55289,0.21729,0.41722,0.063924,-0.076202,0.093369,0.09318,-0.089125,-0.028556,-0.0090898,-0.011519,-0.020098,-0.02913,0.16432,-0.093089,-0.12855,0.006615,-0.20739,-0.0028827,0.077684,0.043893,-0.48328,0.028959,-0.16928,0.0087725,-0.13642,-0.079916,0.023092,-0.079348,0.14168,0.079753
-0.10956,-0.11424,0.032312,-0.02628,0.25078,-0.095388,0.026918,0.060315,0.18565,0.12568,-0.013772,0.060826,0.059451,-0.10767,0.038557,-0.14575,-0.013153,-0.0055848,0.068567,0.26885,0.76915,0.1187,-0.098549,-0.10878,0.45949,0.0042117,0.24004,0.029304,-0.11762,0.071325,0.051052,-0.006155,-0.018053,-0.19737,-0.095141,0.05111,-0.059011,0.036607,0.024056,-0.17474,0.029155,-0.068688,0.12589,0.052226,0.042037,-0.26684,0.050952,-0.21073,0.099201,-0.041078,0.035002,0.12332,-0.025335,0.021472,0.032146
-0.4624,-0.14931,0.085373,-0.028613,0.12061,0.11422,-0.061039,0.088504,0.24998,0.019834,-0.024589,0.052727,0.14349,0.027779,-0.24559,-0.12049,0.04711,0.01792,0.14318,0.24049,0.30359,0.0060293,0.16348,0.11245,0.36253,0.17409,0.10195,-0.014889,-0.01002,0.16166,-0.011462,-0.041492,-0.092211,0.064787,0.013544,0.082151,0.00053773,-0.037834,0.093626,-0.26216,0.022126,0.071326,0.068104,0.012686,0.044124,-0.15672,0.071267,-0.038374,0.12791,0.044315,0.011613,-0.040058,-0.013197,0.12245,0.062178
-0.50071,-0.18625,-0.010545,0.10785,-0.038171,0.34608,0.069588,-0.039163,-0.13016,0.070931,-0.0066553,-0.016986,0.068539,0.036841,0.022816,-0.15757,0.13436,0.22437,0.17961,0.27043,0.44592,0.025893,0.18236,0.12652,0.17961,0.020893,0.092872,0.064138,-0.0069538,0.18232,-0.011746,0.0048259,-0.0028852,-0.14472,0.056212,0.088816,-0.035353,-0.011228,0.21507,-0.08406,0.053501,-0.18338,-0.12989,0.047989,-0.13527,0.011109,0.012587,0.036887,0.10677,0.097929,0.073181,0.05504,0.031375,0.0454,0.050849
-0.5671,-0.056445,0.0077248,0.18876,-0.17459,0.33691,-0.13078,0.0035847,-0.074397,0.063706,0.23603,0.048589,0.13219,0.090235,0.021833,-0.042899,0.069094,0.18026,0.16036,0.084944,0.35485,-0.028549,-0.0093543,0.23117,0.078838,-0.038723,0.00036912,-0.035084,0.023419,0.051998,-0.033088,0.023429,0.0041355,-0.27752,-0.042264,-0.012447,0.013529,0.087145,0.18801,0.089707,0.093327,0.01111,0.10901,0.083197,-0.16491,0.055988,-0.032591,-0.042874,0.090697,0.10024,0.058635,0.082445,0.10678,0.027374,0.019094
-0.29335,-0.19359,0.25082,0.15575,0.27527,0.23722,-0.02958,-0.0078509,0.049911,0.076856,-0.25057,-0.045966,0.27493,0.14104,0.21546,0.016561,-0.042229,0.16614,-0.013394,-0.092883,-0.18554,-0.017064,-0.036626,0.081676,0.32323,-0.024087,-0.036005,-0.026092,0.14396,0.26229,-0.07797,0.0029741,-0.012496,-0.065638,-0.019453,0.14105,-0.012482,0.00065851,0.027678,0.10778,0.083359,-0.076587,-0.043506,0.010098,-0.28614,-0.0052835,0.077294,0.039652,0.042885,-0.076023,0.00098131,-0.12943,-0.054573,0.10428,0.010235
0.20044,-0.21391,0.44536,-0.068076,0.40152,-0.042246,0.14143,0.092637,0.25073,0.061706,-0.10352,-0.073335,0.21971,0.010544,0.1434,0.093743,0.084133,0.17205,-0.01396,-0.16767,0.016498,-0.0057718,-0.032942,0.070235,0.58978,-0.081166,-0.090069,-0.10759,0.15304,0.14264,-0.17478,0.0018338,0.03105,-0.080749,-0.02647,0.10311,-0.046682,-0.12812,0.042706,-0.071187,0.084336,-0.019965,0.10534,0.018968,-0.35512,-0.057884,0.13393,-0.0095309,0.02211,-0.013936,0.04691,-0.12829,-0.010734,-0.043826,-0.036778
-0.19844,-0.079001,0.2868,-0.18991,0.808,-0.47027,-0.064921,0.042522,0.44758,0.014571,0.28827,0.071864,0.094091,-0.0058451,-0.089049,-0.030734,0.039965,0.042161,-0.13074,-0.2934,-0.030629,0.036332,0.22348,-0.040691,0.46508,-0.062678,-0.056517,-0.13927,0.10821,0.11499,-0.13744,0.039461,-0.01388,-0.064548,-0.0541,0.03018,-0.06079,-0.10592,0.23668,-0.18273,0.050847,-0.03135,0.19596,0.03543,-0.31931,0.22669,0.085358,-0.010613,-0.029109,0.061838,-0.14332,-0.020158,-0.14636,-0.01655,0.032837
-0.49746,0.17949,0.088801,-0.13501,0.79631,-0.94195,-0.043823,0.14177,0.62444,-0.13946,0.23811,0.10256,0.13091,-0.13416,-0.27228,0.040375,0.067041,-0.069479,-0.092945,-0.056949,0.14059,-0.044099,0.27027,-0.1337,0.47954,-0.051197,-0.016207,-0.12072,0.068338,0.004895,-0.063748,0.12543,0.077424,0.013846,-0.079905,0.036644,-0.062828,-0.28163,0.29057,-0.23783,-0.039726,0.049997,0.18631,-0.0051787,-0.1817,0.18454,-0.089094,-0.010227,-0.053352,0.040457,-0.080745,-0.11069,-0.093229,-0.0064086,0.012082
-1.0002,0.23038,-0.028537,-0.13646,0.49052,-0.6746,-0.13295,-0.038493,0.040874,-0.038132,-0.051063,0.17928,-0.14081,-0.13903,-0.49897,-0.19403,0.095589,-0.12297,0.022512,0.33298,0.22333,-0.04653,0.48545,-0.17012,0.16295,-0.12297,0.030436,-0.091032,-0.048211,0.14336,0.075347,0.0047499,0.0432,0.21618,0.053867,0.17985,-0.013987,-0.079348,0.25234,-0.13582,-0.014716,0.01469,-0.1785,-0.069345,0.030478,0.20605,-0.19517,0.054627,-0.036786,-0.030012,-0.1681,0.098158,-0.10426,-0.016411,0.052263
-1.2829,0.42942,-0.01628,-0.010785,0.6677,-0.59867,-0.36673,-0.097784,-0.7931,-0.10012,0.38085,0.037254,-0.051654,-0.076218,-0.13435,0.15514,0.036711,-0.25551,0.13393,0.25364,-0.080783,0.013354,-0.017933,-0.12331,-0.61531,0.11369,0.079097,0.089392,-0.047904,-0.093605,0.18184,0.057625,-0.016733,-0.0075001,0.065674,0.22128,0.12893,-0.0069321,-0.11707,-0.26783,-0.046694,-0.046193,0.060617,0.02928,-0.010167,0.13482,-0.19898,0.15115,-0.073757,0.021949,-0.06896,-0.031069,-0.01109,0.10518,-0.037853
-0.91606,0.42215,-0.0086275,0.070234,0.086107,-0.14875,-0.061255,0.047242,-0.88442,-0.26905,0.091591,0.10634,-0.012587,-0.20445,0.1493,0.012375,0.27895,-0.07101,0.030031,0.034546,-0.18718,-0.014646,0.018751,-0.050455,-0.64141,0.35485,-0.15567,0.07844,-0.088216,-0.089124,0.085018,-0.032054,0.027542,-0.11196,0.1402,0.29686,0.22334,-0.0073194,-0.18601,0.16393,0.044691,0.056423,0.18933,0.060753,0.022727,0.051228,-0.12837,0.021577,0.12408,0.061989,-0.037744,-0.1558,0.20477,0.060025,0.082239
-0.1299,0.34587,-0.031677,0.14706,-0.25896,-0.17858,-0.21903,-0.30422,-0.24443,-0.063273,-0.66993,-0.035933,0.19764,0.046372,0.29085,-0.06331,-0.036828,-0.021551,-0.096133,-0.17584,-0.3885,0.015098,0.12152,-0.080274,-0.34651,0.33869,-0.34511,0.13466,-0.18901,0.24532,0.23685,-0.0757,-0.048248,-0.092804,0.055757,0.10947,0.16106,-0.025171,-0.087435,0.21238,-0.025586,0.16163,0.022419,0.11132,-0.082464,0.10287,0.006233,0.035748,-0.0083078,0.040251,-0.087476,-0.10013,0.23599,0.0020255,0.0020339
0.81001,0.11146,0.092664,0.044779,-0.39138,-0.45198,-0.047926,-0.15209,-0.029981,0.25561,-0.787,-0.22631,0.23177,-0.04974,-0.13851,0.29715,0.1183,0.13387,-0.16051,-0.83168,-0.42122,0.0014916,-0.18576,0.061606,-0.09248,-0.011363,-0.28893,0.080195,-0.082148,-0.15008,0.01794,0.034761,-0.13366,-0.20128,-0.01367,-0.18735,0.10967,-0.17945,-0.033751,-0.14397,0.078541,0.052278,0.4928,0.17063,-0.093198,0.057659,-0.03903,-0.09898,0.12566,0.067442,0.11547,0.039045,0.27093,-0.11481,0.033095
0.42226,0.073187,-0.32709,0.10771,-0.041457,-0.61491,-0.02078,-0.22442,0.040636,0.10279,-0.20249,-0.1694,0.054788,0.25481,-0.17428,0.012349,0.11238,0.13849,-0.23679,-1.0049,-0.41956,0.028129,-0.13959,0.12368,0.023926,-0.26235,-0.14232,0.13398,-0.043895,0.091636,0.16226,0.0033501,-0.071502,-0.021672,-0.13579,-0.20307,0.031471,-0.022145,0.042037,-0.22159,-0.030858,0.061126,0.40327,0.12593,-0.011242,0.22359,-0.067897,-0.099514,0.042395,0.063623,0.0042132,0.052544,0.048353,0.070787,0.12487
0.16774,-0.057957,-0.46515,-0.12483,0.45795,-0.67817,0.29745,-0.043896,0.30977,-0.028351,0.46419,-0.065786,-0.18828,0.18482,0.22824,0.044053,0.060723,0.096388,0.056937,-0.95,-0.25474,0.004908,-0.33005,0.064625,-0.26779,0.12702,0.021733,0.10669,0.047166,0.033873,-0.063398,-0.056519,-0.067934,0.046933,-0.099584,0.0026901,-0.078761,-0.048049,-0.012663,0.037453,-0.14859,-0.0035732,0.051909,0.023419,-0.034289,0.0011116,-0.20546,-0.13852,-0.017423,0.073443,-0.04262,-0.045078,-0.15845,0.1091,0.072033
-0.019413,-0.10318,-0.31834,-0.18131,0.0061976,-0.33771,0.21118,0.063737,0.2041,0.22763,0.077167,-0.12473,-0.44839,0.17055,-0.083075,0.13304,0.16374,0.0009934,0.12246,-0.20127,-0.10662,0.038992,-0.10152,0.072401,-0.50436,-0.035085,0.010195,0.034786,0.17362,-0.13134,-0.12766,-0.048513,-0.17808,0.33852,0.010618,0.074454,-0.084336,-0.082217,0.022754,0.00088475,-0.0056225,0.056507,-0.16225,-0.17664,0.032264,0.0068819,-0.24304,-0.10086,0.090699,-0.016778,-0.064389,0.10647,-0.30706,0.065503,0.1937
-0.095053,0.0068142,-0.2954,0.027967,0.055591,-0.31724,-0.00093384,-0.038769,-0.10021,-0.010208,0.24451,-0.046849,-0.15221,0.22393,0.22638,0.23577,0.03681,-0.030842,0.16608,0.13651,-0.036166,-0.022513,-0.22676,0.017267,-0.84717,-0.097781,0.0094131,0.047928,0.081428,0.099861,-0.032403,-0.0068886,0.031208,0.38155,0.027526,0.090788,-0.080774,-0.13528,-0.038957,0.12765,-0.099118,-0.051269,0.028905,-0.12965,-0.17448,-0.11677,-0.12564,-0.0093857,-0.14626,0.11108,-0.17736,0.052157,-0.21936,-0.0054869,0.041267
0.2532,-0.0042274,0.048174,0.060909,-0.18883,-0.20346,0.019893,-0.057883,-0.1211,-0.077562,0.21468,-0.12831,0.027634,0.081611,0.097537,0.24505,0.21623,0.038391,0.01033,0.31762,0.088804,-0.012808,-0.05456,0.1379,-0.70082,-0.025389,-0.089701,-0.042306,0.051428,-0.067708,-0.14944,-0.0085164,0.0046163,0.20979,0.11579,-0.0023205,-0.022331,-0.24156,-0.055246,0.081139,0.0010189,0.078869,0.30464,-0.14026,-0.20537,-0.080246,-0.054678,0.062995,0.0014055,0.051357,-0.11504,-0.044511,-0.038567,0.18101,0.036706
0.62806,-0.075341,-0.046451,0.15815,-0.17365,-0.26614,-0.31146,-0.071462,-0.052039,-0.097313,-0.11998,-0.078973,0.12753,0.081441,0.19783,0.37112,0.068298,-0.068972,-0.069244,0.35168,-0.0067961,-0.046607,-0.029624,0.038937,-0.34267,-0.092637,-0.090838,0.061002,-0.013474,-0.080585,-0.049248,-0.062968,-0.045519,0.005037,0.089971,-0.10135,0.018298,-0.18715,-0.090823,-0.00034153,-0.022834,0.10136,-0.031177,-0.073412,-0.23312,-0.07986,-0.17601,0.14334,0.019794,-0.040917,-0.19033,-0.12126,0.021014,0.61199,0.022208
0.81263,-0.0089638,-0.093835,0.093567,-0.23334,-0.42175,-0.22828,0.043952,-0.069255,-0.33584,0.17064,-0.08941,0.14895,0.0193,0.22336,0.4034,-0.026666,-0.070438,-0.12467,0.038634,0.1511,-0.007668,-0.29016,0.10367,-0.1053,-0.066387,0.03586,0.038416,-0.061807,-0.1038,-0.04817,-0.022837,0.036924,-0.25413,0.062159,-0.28329,0.059931,-0.1437,0.055622,-0.19604,0.0040045,0.20264,0.13825,0.067379,-0.18335,-0.020431,-0.19168,0.092252,-0.012054,0.0095672,-0.1567,-0.16497,0.26811,0.71497,-0.07407
