0.0895,0.4222,0.13602,-0.12169,-0.25651,-0.17266,0.19933,0.10909,-0.33866,-0.10386,-0.21776,-0.10907,-0.039361,-0.070605,0.48611,0.26441,-0.099556,0.1582,0.0088841,0.016422,-0.053529,0.055281,-0.72594,0.014445,-0.53835,0.0052568,0.1376,-0.042802,0.0065162,0.11525,0.078618,0.0094948,0.012578,0.061919,-0.13282,-0.048844,0.0083819,-0.0097811,-0.12155,0.024731,0.026705,0.068628,0.029356,-0.028001,-0.056533,-0.054446,-0.050994,-0.15752,0.07344,0.029355,0.11733,-0.026305,0.054495,0.72728,-0.24793
0.03723,0.32926,0.31807,-0.046014,-0.1096,0.0010934,0.12611,0.090444,-0.49029,-0.056324,-0.14842,-0.087262,-0.064154,-0.041865,0.51643,0.18657,-0.13261,0.2195,-0.0089087,-0.10555,0.0048426,-0.005806,-0.71471,-0.10824,-0.69679,0.042419,0.12006,-0.014892,0.020697,0.15114,0.090207,0.032136,0.0063748,-0.0092398,-0.11025,-0.080495,-0.002098,-0.022438,-0.21411,0.086391,-0.0043969,-0.15769,-0.15962,-0.091683,-0.12654,0.020632,0.01303,-0.092197,0.060641,-0.022842,0.13295,-0.064596,-0.021452,0.59507,-0.20739
0.25609,0.28223,0.38703,0.01862,-0.055292,-0.015142,0.068003,0.09651,-0.012121,-0.10411,-0.27026,-0.0021887,-0.0066422,-0.066598,0.13549,0.13303,-0.088936,0.12206,-0.10603,-0.087142,-0.057472,0.022444,-0.53817,-0.063403,-0.66396,0.21525,-0.046523,-0.065158,0.12208,0.11097,-0.028994,0.021722,-0.013519,0.035496,-0.12871,-0.14153,0.02215,-0.083579,-0.19,0.20087,0.051195,-0.16467,0.069743,-0.12429,-0.070673,0.021388,0.13172,-0.052157,0.069657,0.008087,0.11778,-0.011389,-0.073709,0.43757,-0.1082
0.49773,0.2558,0.3741,0.028987,0.089562,-0.11297,0.36079,0.087014,0.04528,-0.30023,-0.25618,0.12625,-0.059186,-0.070673,-0.1699,-0.046266,-0.10727,-0.044245,-0.11693,-0.041653,0.027664,0.11383,-0.48352,0.0017226,-0.54083,0.11964,-0.14248,-0.060925,0.059686,0.16121,0.13778,0.039263,0.049198,0.055819,-0.090853,-0.1505,0.079153,-0.11805,-0.088153,0.28711,0.047097,-0.019172,0.11742,-0.10873,-0.0941,0.024256,0.1104,-0.039452,-0.056773,-0.0074797,0.084424,0.07149,-0.10543,0.1266,-0.14227
0.57878,0.18362,0.16218,0.21601,0.17382,-0.19676,-0.040629,-0.018642,-0.18507,-0.20274,0.009011,0.13102,-0.18387,-0.010355,0.063538,0.070796,-0.0075393,-0.018598,-0.14107,-0.0051526,-0.0049628,0.12128,-0.37923,-0.13826,-0.28201,-0.099561,0.01299,-0.026416,0.0045353,0.00032302,0.10274,0.046414,0.099306,0.016132,-0.075866,-0.047239,0.081208,-0.088032,-0.051286,0.11402,-0.037162,-0.080951,0.054036,-0.024048,-0.13033,0.030034,-0.0014465,-0.025741,-0.15225,0.024604,0.12729,0.017613,-0.083807,0.14661,-0.14503
0.43859,0.10855,-0.033194,0.2017,0.15153,-0.35428,-0.055191,0.041979,-0.10284,-0.15191,0.16584,0.17635,-0.28905,-0.10441,-0.019045,0.041025,0.024301,-0.1153,-0.069514,0.015785,-0.1745,0.019714,-0.58413,-0.027304,-0.29175,0.14141,0.10785,-0.044859,-0.035786,-0.10362,-0.051297,-0.066791,-0.021583,0.020802,-0.008843,0.040445,0.091789,-0.097208,-0.075894,0.098611,0.030148,-0.069412,-0.19045,-0.0071467,-0.022524,-0.055986,0.026216,0.0055378,0.0073254,-0.14739,-0.079474,0.20491,-0.011427,0.17729,-0.23253
0.28183,0.18021,-0.055225,0.13179,0.12084,-0.35499,-0.03952,-0.084552,-0.09878,-0.20929,0.16534,0.12693,-0.19458,-0.059985,-0.0033172,0.10067,-0.13554,-0.28256,0.070315,0.11529,-0.28767,0.00029327,-0.72703,0.067217,-0.33522,0.2099,0.15339,-0.054841,-0.057796,-0.079476,0.0089108,-0.05746,0.048011,0.053927,0.016417,0.051026,0.071886,-0.047413,-0.16075,-0.017984,0.016407,0.10069,-0.1162,0.054296,-0.036515,-0.10625,0.026643,-0.027237,-0.083228,-0.083375,-0.12452,0.12006,0.020581,0.098181,-0.30723
0.22045,0.23812,-0.014569,-0.088492,0.042506,-0.33625,-0.12019,0.055429,-0.20648,-0.087193,-0.10025,0.07957,-0.094893,-0.095423,0.089917,0.18593,-0.039915,-0.19024,0.052737,0.16281,-0.35942,0.058538,-0.72808,0.08019,-0.38803,-0.083894,0.15754,-0.038506,-0.073179,-0.061218,0.15032,-0.045003,0.062583,-0.046063,-0.043632,-0.051567,0.034463,-0.033317,-0.11969,-0.023393,0.028502,0.13799,-0.064087,0.028943,-0.034197,-0.15084,0.041874,-0.18319,-0.0080167,0.02008,0.088483,0.062841,0.092567,0.083919,-0.26888
0.18058,0.093716,0.070177,-0.058425,0.021739,-0.14612,0.029892,-0.092077,-0.313,-0.047769,-0.03272,0.014485,0.09611,0.079916,0.27546,0.085409,-0.081056,-0.099716,-0.072294,-0.025772,-0.37673,0.10805,-0.5394,-0.067354,-0.5562,0.020847,0.12821,0.026705,-0.10762,0.030741,0.13871,-0.05885,0.020622,-0.11058,0.014587,-0.19209,0.015728,0.0029357,0.018,-0.22121,-0.046545,0.0034562,-0.21436,0.059664,-0.1718,-0.099563,0.24434,-0.030769,-0.033521,-0.0098856,0.15471,0.15153,0.012682,0.0075372,-0.27678
0.29867,0.11888,0.11636,-0.14745,0.15235,-0.27109,0.20663,0.077552,-0.19264,0.065376,-0.19049,-0.13758,0.23804,0.057214,0.11656,0.09888,0.10605,-0.054696,-0.059114,0.0097352,-0.33036,0.0069149,-0.51681,-0.11699,-0.40111,-0.11777,0.029845,-0.010178,0.071008,-0.082776,0.021329,-0.013117,-0.0087316,-0.24547,0.049561,-0.26433,0.032235,-0.027516,0.023941,-0.25565,0.018221,-0.032946,-0.028103,0.074075,-0.13317,-0.091411,0.27276,-0.061659,0.10226,-0.02047,0.28778,0.045898,0.038028,-0.064877,-0.2267
0.35465,0.013155,0.11939,-0.048688,0.41217,-0.28758,-0.094143,-0.065362,0.056026,0.26772,-0.19556,-0.044197,0.25827,0.18372,-0.15112,0.0048422,0.032199,-0.015648,-0.13295,-0.089094,-0.35945,0.050549,-0.44161,-0.098192,-0.46842,0.0054959,-0.020687,-0.031153,0.098657,0.083541,0.026336,-0.031608,-0.04289,-0.1959,-0.026072,-0.15409,0.053301,0.11769,0.263,-0.050659,-0.07358,-0.062345,-0.18295,0.091468,-0.10259,0.069164,0.16134,-0.049707,-0.022438,-0.021458,0.13982,0.0035486,-0.11997,0.069306,-0.18588
0.35311,0.16863,-0.003377,-0.10168,0.43729,-0.44068,0.048989,-0.013907,0.01284,0.14795,0.29987,0.034257,0.11303,0.07573,-0.15014,0.22812,-0.14202,-0.086691,-0.024484,-0.1087,-0.11162,0.060544,-0.58711,0.025706,-0.3516,0.070233,0.012381,-0.05823,0.069324,0.013907,-0.019945,0.039211,0.057985,-0.12831,-0.036248,-0.016107,0.0039263,-0.030273,0.32623,0.16027,-0.15159,0.039114,0.011646,-0.017254,-0.14554,-0.20875,-0.001839,-0.059597,-0.023859,0.10689,0.10957,0.046764,-0.054614,-0.023342,-0.34856
0.54689,0.11086,-0.12193,0.05954,0.55654,-0.45308,0.21964,0.026351,-0.192,0.19687,0.024141,0.024945,-0.063281,-0.045799,-0.06165,0.10986,-0.10265,0.0084871,0.01806,0.026688,0.18955,0.077512,-0.44235,-0.037744,-0.25862,-0.036849,-0.0097922,-0.094776,0.024824,-0.022774,-0.11815,0.013956,0.013132,-0.045841,0.023374,0.42129,0.029986,-0.029553,0.20652,0.092447,-0.11844,0.0064665,-0.30595,-0.17475,-0.099071,-0.16608,0.017994,-0.023737,0.050663,-0.066761,-0.024772,-0.095781,-0.16962,0.098798,-0.25818
0.44202,0.35681,-0.22717,0.14107,0.38764,-0.50773,0.093845,0.1436,-0.35229,0.29469,0.15469,-0.06844,-0.072348,-0.067411,0.026369,0.32797,0.13324,0.039089,0.14028,0.1438,0.10228,-0.049363,-0.50189,0.0073348,-0.30753,0.04281,0.062813,-0.14985,0.03825,-0.019719,-0.15233,0.015936,0.084725,0.059629,0.033415,0.44479,0.020668,-0.051341,0.013421,-0.18452,-0.093585,-0.01479,-0.11943,-0.083458,-0.12759,0.012935,0.060424,0.040645,0.068223,-0.10274,-0.16329,-0.10323,-0.058558,0.094536,-0.3174
0.35289,0.4483,-0.11922,0.055893,0.0061019,-0.46529,-0.001321,0.070557,-0.27287,0.16165,0.17768,-0.18136,-0.056628,-0.014369,-0.048152,0.38709,0.040011,0.14392,0.061649,0.10562,0.3247,-0.0060306,-0.42039,0.072993,-0.56456,0.12812,0.14073,-0.16203,0.039938,-0.14956,-0.1742,0.11478,0.0080364,-0.08007,-0.027792,0.17518,0.035444,-0.09487,0.067888,-0.30927,-0.042457,-0.031012,0.1392,0.089001,-0.075817,0.23204,0.088145,0.079304,0.0072844,-0.029727,-0.094418,-0.14507,0.007597,0.04483,-0.28493
-0.056196,0.41718,0.22024,0.078642,-0.10763,-0.2282,-0.1028,0.075166,-0.14924,0.042543,-0.10248,-0.11233,-0.052269,0.12608,-0.050152,0.19604,-0.079302,-0.10052,-0.11807,0.048529,0.19767,0.043728,-0.52444,-0.026982,-0.79014,0.14156,0.20578,-0.11818,0.10853,0.094179,0.067729,0.063617,-0.036045,-0.048146,-0.1118,-0.0038915,0.023472,0.031836,-0.047161,-0.15999,-0.058726,0.031271,0.087237,0.08003,-0.040676,0.26684,0.075488,-0.036283,0.0038354,0.019584,-0.069109,-0.19962,0.023247,0.081851,-0.26629
-0.30243,0.34645,0.36235,-0.085415,-0.055475,-0.11966,0.020761,0.085773,-0.27103,-0.0092532,-0.22833,-0.069165,0.038875,0.084217,0.054026,0.19755,-0.21145,-0.10666,-0.094659,-0.016849,0.10813,0.067845,-0.38628,-0.10286,-0.85854,0.057786,0.16141,-0.11939,0.058608,-0.011446,0.16172,0.076216,-0.055384,0.031812,-0.020622,-0.12446,-0.027579,0.021216,-0.13092,0.065146,-0.080312,0.010339,0.11108,0.076566,-0.11389,0.17374,-0.0074497,-0.086041,0.0085024,-0.04218,-0.088077,0.0084887,-0.012379,-0.06577,-0.18264
0.10962,0.27613,0.14548,-0.018668,0.073762,-0.32051,-0.11098,0.19343,-0.42192,-0.078998,-0.22155,-0.062378,0.050137,-0.10751,-0.064812,0.1854,-0.027038,-0.11152,-0.12981,-0.24036,0.078414,-0.024173,-0.56243,-0.13212,-0.63852,-0.085368,0.18774,-0.054877,0.16658,-0.25589,0.13568,0.086943,-0.017909,-0.060994,-0.020203,-0.01442,-0.059263,0.0075568,-0.16261,0.095961,0.017292,-0.010009,0.23694,0.027413,-0.0021357,0.17068,-0.055108,-0.1314,0.1221,0.013153,-0.056364,0.037274,-0.0024166,-0.049444,-0.25656
0.14041,0.17078,0.14864,0.0065476,-0.020589,-0.09109,0.035796,0.13946,-0.34502,-0.34722,-0.034069,0.0022997,0.078762,-0.18953,0.15611,-0.072658,0.063307,-0.08547,-0.15607,-0.30345,-0.039852,-0.10084,-0.46599,-0.16675,-0.60839,0.13304,0.064662,0.023716,0.10098,-0.01938,0.2113,-0.043355,0.083889,-0.0017114,-0.016346,0.057457,-0.021651,0.032285,-0.27803,0.26591,0.013288,0.097151,-0.078983,-0.10229,0.012016,0.020765,0.0077609,-0.10519,0.093042,0.0044496,0.055532,0.030776,-0.012301,0.06103,-0.1481
0.35314,0.25115,0.091778,0.061323,-0.086036,-0.19363,-0.023051,0.017567,-0.22537,-0.29209,0.019424,0.028182,0.046662,-0.24562,0.12648,0.06748,-0.090349,0.033377,-0.096007,-0.2197,0.13339,-0.046336,-0.4998,-0.062638,-0.67685,0.19299,0.014632,-0.028638,-0.073565,-0.22002,0.21675,-0.072492,0.12009,-0.098703,0.0083803,-0.11733,-0.01628,0.087534,-0.22386,0.081724,-0.0039915,0.18914,-0.10078,-0.053721,0.0009143,-0.054972,0.071683,-0.050675,-0.073591,-0.031186,0.14365,0.17115,-0.021554,-0.021474,-0.21837
0.60396,0.17442,0.12281,0.19905,-0.00085431,-0.10155,-0.21539,0.044047,-0.40253,-0.019404,-0.27977,0.10297,0.039545,-0.26611,0.14416,-0.02886,-0.074675,0.022812,-0.070433,-0.12861,-0.17721,0.035632,-0.56003,-0.1545,-0.44019,-0.088279,0.0026983,0.011394,-0.037308,-0.15938,0.06625,-0.11506,-0.012094,-0.045282,-0.039441,-0.072631,0.045584,0.053716,-0.19897,-0.14086,0.077365,-0.039722,-0.35086,0.014795,0.020323,0.062191,0.055832,0.071536,0.0085043,-0.0058475,0.091978,0.071497,-0.030703,0.12296,-0.17413
0.75955,0.35185,0.048435,0.20239,-0.19895,-0.23649,0.12383,0.10836,0.087047,-0.09926,0.02236,0.010385,0.021935,-0.12062,-0.00010066,-0.095761,-0.03011,-0.13142,-0.074538,-0.13268,-0.21348,0.10373,-0.67791,-0.025284,-0.31769,0.12363,-0.053708,0.00069451,-0.013846,0.058922,0.11443,-0.10306,-0.014523,-0.12274,0.0023234,-0.20341,0.094786,0.017906,0.047755,0.088741,0.11134,0.053993,-0.26778,0.1211,0.060601,0.13837,0.08288,0.020936,-0.019077,0.026931,0.20488,-0.070108,0.021838,0.22919,-0.27397
0.87821,0.14869,-0.019102,0.13169,-0.11313,-0.33056,0.095783,0.060856,-0.036414,0.28495,0.052049,0.051135,-0.28299,0.040335,-0.017297,0.13745,0.11881,-0.12165,0.11696,0.037707,-0.18488,-0.0077895,-0.74969,-0.023139,-0.19359,0.029956,-0.018614,-0.080098,0.0061205,-0.12317,0.072544,-0.037257,-0.11146,-0.070579,0.071286,-0.18275,0.087154,0.1153,0.043079,0.27336,0.092982,-0.052871,-0.18098,0.16363,0.040933,0.063018,0.035449,-0.10445,-0.013174,0.023307,0.17193,-0.033788,0.076725,0.13049,-0.2645
0.49833,0.091768,0.022276,0.0063393,0.022942,-0.36154,0.23534,-0.029406,-0.055795,0.36125,-0.18116,0.1261,-0.099013,0.075551,-0.013814,0.22487,0.034948,-0.24057,0.10178,0.19145,-0.40985,0.11154,-0.57986,-0.010013,-0.24282,-0.16295,-0.01831,-0.074101,-0.068061,-0.019471,0.031611,0.027625,-0.15312,0.047977,-0.019276,-0.094178,0.04764,0.05831,-0.085779,0.16753,0.018685,-0.10198,-0.0088271,0.05227,-0.00027285,-0.15985,-0.092012,-0.076815,-0.024185,8.912e-05,0.21182,-0.13001,-0.018778,0.17317,-0.18049
0.36749,-0.024478,-0.009314,-0.10046,0.15697,-0.33311,0.19986,0.0023302,-0.1625,0.33919,0.25967,0.16131,-0.16001,0.096317,0.063107,0.31866,-0.049259,-0.20595,0.23602,0.12285,-0.3355,0.099568,-0.71942,0.071308,-0.11625,0.17524,0.054644,-0.083096,-0.06845,0.0040596,-0.058625,0.066009,-0.083667,-0.0052376,-0.014779,-0.039776,0.030143,0.043691,-0.075045,0.031784,0.02366,0.070313,0.23404,-0.073089,0.015258,-0.21431,0.081317,-0.048243,0.017366,-0.068806,0.024752,-0.2115,0.018504,0.03794,-0.24259
0.1073,-0.0451,0.058095,-0.047425,0.26906,-0.18058,0.091347,-0.095053,-0.45277,0.42243,-0.13339,0.17017,-0.27053,0.032371,0.28471,0.32659,-0.093761,-0.075822,0.13232,0.28403,-0.11278,-0.039093,-0.59831,-0.13892,-0.39473,0.015005,0.19621,0.0023598,-0.098933,-0.011161,-0.06288,0.0094581,0.078529,0.16589,-0.01336,0.0036594,-0.063697,0.01683,-0.043142,-0.15121,-0.11264,-0.075911,0.1523,-0.17567,-0.23203,-0.21555,0.14095,-0.037185,0.040559,-0.10201,-0.049581,0.04865,-0.03258,-0.023548,-0.25968
-0.16473,0.061027,0.11241,-0.13463,0.36533,-0.20003,0.26326,0.021567,-0.11456,0.082744,0.0049195,0.04901,-0.22412,-0.019676,-0.016571,0.069629,-0.017581,-0.099038,-0.055689,-0.10418,0.15458,-0.14119,-0.46051,0.014159,-0.56183,0.23631,0.13044,-0.056849,-0.12232,-0.063378,-0.11287,0.0023101,0.076544,-0.081807,0.094354,-0.094411,-0.038001,-0.038671,-0.0090009,0.090884,-0.092882,0.10782,0.27017,-0.15903,-0.23985,-0.037704,0.15081,-0.20785,0.10505,-0.13637,-0.20753,0.013088,-0.078439,-0.091706,-0.21946
-0.020308,0.03485,0.13053,-0.17832,0.28125,-0.26561,0.058193,0.026667,-0.1163,-0.018086,-0.3506,-0.0071277,-0.097301,-0.093975,-0.11146,0.043347,0.093268,0.056551,-0.13571,-0.024083,0.11208,-0.089292,-0.33752,-0.063972,-0.53366,-0.077976,0.16888,-0.047663,-0.11363,-0.13358,-0.051505,-0.018771,0.18301,-0.19652,0.0019515,-0.0037194,-0.028503,0.013497,-0.075151,-0.2904,-0.10529,-0.049549,0.19527,-0.052823,-0.18139,-0.0056165,0.29659,-0.17484,0.045691,-0.036367,-0.099848,-0.03212,-0.12927,0.014257,-0.098945
0.21557,0.16557,0.020823,0.057924,0.049977,-0.41856,-0.070152,0.068724,-0.04074,-0.11745,-0.027176,-0.25123,0.015365,0.12246,-0.028038,-0.013169,0.12753,-0.010129,-0.18235,0.045368,0.18069,-0.13916,-0.33447,-0.16293,-0.59009,-0.15649,0.078134,0.018525,-0.044023,-0.024499,0.18015,0.028313,0.14905,-0.25507,-0.08066,-0.0031168,0.026869,-0.091444,0.055223,-0.29652,-0.089989,-0.028904,-0.25707,-0.074714,-0.12378,0.0083076,0.27406,-0.12901,0.035291,-0.091031,0.10271,0.25482,-0.0035746,0.087807,-0.13276
-0.10296,0.22302,0.07315,-0.066937,0.31126,-0.3011,0.11463,0.080206,-0.065249,-0.45425,0.48567,-0.25126,0.071535,0.13563,-0.0015016,-0.18201,-0.094832,-0.13418,-0.14415,-0.08731,0.08258,0.0063909,-0.38186,-0.1283,-0.75775,0.073663,0.12913,-0.016734,0.05218,-0.12981,0.14058,-0.048588,0.093848,-0.25991,-0.025659,0.054343,0.094114,0.12888,-0.028232,-0.18485,-0.092106,0.014992,-0.1009,0.11721,-0.031811,-0.016681,0.20353,-0.05216,0.055136,0.032588,0.20466,0.075297,-0.11923,0.16806,-0.1491
0.02758,0.17811,0.11709,0.052134,0.22617,-0.18462,0.14527,0.058926,-0.15546,-0.10365,-0.068737,-0.19704,0.19701,0.056943,-0.10583,-0.28511,-0.011795,0.030718,-0.23472,0.016182,-0.14077,0.14954,-0.37695,-0.026935,-0.64974,0.05657,0.1061,-0.035384,0.070424,0.16669,0.14713,-0.057071,0.080721,0.0025422,-0.063148,0.2154,0.084873,0.094302,0.23868,0.15092,0.031031,-0.12318,-0.36987,0.04241,0.019336,0.067948,0.043352,-0.016376,0.081463,0.06489,0.12275,0.10799,-0.12969,0.13683,-0.19135
0.4791,0.15262,0.16232,0.01299,0.074757,-0.1026,-0.068343,0.11063,-0.25876,0.14936,0.28617,-0.05536,0.2248,0.075436,0.023074,0.14833,0.11104,0.11655,-0.0030092,-0.034992,-0.11541,0.23952,-0.50332,0.093285,-0.54209,0.21094,-0.0030861,-0.10426,0.025097,-0.11164,0.097805,-0.036272,0.029103,0.0039997,-0.070583,0.22561,0.10594,0.059652,0.28879,0.42938,0.0223,0.088883,-0.23602,0.10429,-0.040125,0.0028968,0.010413,-0.010443,-0.0027479,0.15675,0.10799,-0.019082,-0.059924,0.084416,-0.2693
0.89779,0.27029,0.06432,0.016119,0.24076,-0.34329,0.055609,-0.0018291,-0.32622,0.15927,-0.40292,-0.028937,0.22562,-0.022866,-0.019654,0.22532,-0.24523,0.091268,-0.068649,-0.0014139,-0.0026586,0.31269,-0.53306,0.029361,-0.32989,-0.09424,-0.036324,-0.06824,0.037231,-0.0034268,0.13583,-0.022944,0.027478,0.12078,-0.044821,0.32807,0.0089583,0.0085,0.10595,0.23196,0.072536,0.063877,0.051534,-0.051595,-0.079163,-0.0066602,0.0097338,0.03595,0.029523,0.023992,0.044859,0.019228,-0.11548,-0.007374,-0.40527
0.76467,0.37473,0.042511,0.024758,0.27848,-0.39609,0.11887,0.029524,-0.30485,0.21989,-0.0021193,-0.071245,0.083052,0.028247,0.20908,0.26684,-0.01007,0.060856,0.063355,-0.01837,0.10379,0.15967,-0.55055,-0.010027,-0.17453,0.013201,-0.018337,-0.046422,0.037154,0.0092958,0.093603,-0.0084023,0.052331,-0.0090091,0.045862,0.26587,0.027993,-0.011449,-0.1591,-0.14921,0.017681,0.062976,-0.1178,0.046926,-0.083605,0.13545,0.0088433,0.11999,-0.017259,-0.10548,-0.0061398,-0.24007,-0.044787,-0.001404,-0.39163
0.37516,0.39647,0.21085,-0.18469,-0.046113,-0.35547,0.15097,0.11507,-0.16016,0.26958,0.078475,0.06952,-0.20423,-0.15158,0.017729,0.23316,-0.12933,0.11339,0.038695,-0.12764,0.23477,0.052829,-0.51505,0.03764,-0.25262,0.11829,0.19077,-0.10724,-0.010448,0.025205,-0.061623,-0.092458,0.0030833,-0.095414,0.069042,-0.06367,-0.0031241,0.041562,-0.10359,-0.34709,0.029417,0.11574,0.173,0.031617,-0.064568,0.25005,0.060566,0.019435,0.014664,-0.023274,-0.0093074,-0.10256,0.018409,-0.11308,-0.2984
0.048123,0.35086,0.18667,-0.088845,-0.029651,-0.36466,0.017035,-0.00737,-0.15975,0.13625,-0.22759,0.10075,-0.19376,-0.077075,0.047613,0.10985,-0.29257,-0.077823,-0.089036,-0.026252,0.16298,-0.021805,-0.65391,-0.025383,-0.578,0.091223,0.25899,-0.042438,0.0034558,0.078602,-0.030038,0.027975,-0.063005,-0.017787,-0.051902,-0.31997,0.0076654,-0.10778,-0.078151,-0.31904,-0.061941,-0.020519,-0.1099,0.012022,-0.076743,0.22507,0.060446,-0.013568,-0.076962,-0.048552,0.039209,-0.070527,0.010637,0.059308,-0.31994
-0.29969,0.23555,0.12936,-0.15777,-0.083455,-0.22568,0.052323,0.035968,-0.27657,-0.10691,-0.11953,0.020456,-0.29129,0.020601,0.046999,-0.048067,-0.046156,-0.17475,-0.078187,-0.038228,0.27642,-0.062446,-0.44384,-0.11115,-0.56916,-0.0014371,0.295,-0.069413,-0.045809,0.054312,0.061481,0.00093967,0.019816,-0.087839,0.15809,-0.28571,0.053075,-0.025864,-0.020281,0.15495,-0.080766,0.10701,0.051279,-0.019554,-0.12218,0.22554,0.04302,-0.17983,-0.096802,0.080385,0.079654,-0.16807,-0.049071,0.034293,-0.1818
0.01198,0.074002,-0.00032017,-0.11379,0.077562,-0.19625,0.061687,0.0056988,-0.26214,0.057873,-0.28027,-0.029854,-0.035297,0.033174,-0.028235,-0.10249,-0.022377,-0.21471,-0.007449,0.09057,-0.14318,-0.067115,-0.43699,-0.17901,-0.593,0.049062,0.086946,0.0022665,-0.046091,0.10843,0.3135,0.068251,-0.032366,-0.020477,0.039625,-0.06027,0.036344,-0.032669,0.063768,0.072185,-0.012626,-0.11605,-0.2348,-0.089683,-0.10735,0.16619,0.047917,-0.070787,-0.044681,-0.095893,-0.026144,0.013504,-0.099339,0.13506,-0.18881
0.26224,0.031433,-0.037086,-0.29294,0.032943,-0.21788,0.25365,-0.049006,-0.12383,-0.099315,0.073753,-0.1096,0.014545,-0.10467,-0.14519,0.0017959,0.037026,-0.25749,0.13609,-0.01707,-0.055423,-0.086387,-0.57154,-0.022453,-0.54064,0.17222,-0.034167,-0.070761,-0.04171,-0.13688,0.29434,0.060616,0.01498,-0.1189,-0.0068899,0.056462,0.04868,0.082262,-0.051405,0.41918,0.031891,0.09832,-0.047292,0.032792,-0.08361,-0.041357,0.016814,-0.16132,0.024484,-0.076384,0.015853,-0.16022,-0.019449,0.059604,-0.22362
0.39758,-0.069678,0.059326,-0.096028,0.26238,-0.22923,0.01425,-0.05213,-0.060605,0.050434,-0.06585,-0.076686,0.1428,0.012011,-0.12838,0.035852,-0.20631,-0.012003,-0.010103,-0.11631,-0.23726,0.051399,-0.47611,-0.062597,-0.48491,0.099612,-0.02233,-0.10056,-0.038624,0.075874,0.23463,0.005835,0.03711,-0.11963,-0.13619,0.29248,0.069361,0.14218,-0.23229,0.13685,0.035758,-0.023744,0.0094682,0.047532,0.017107,-0.12506,-0.027328,-0.019694,-0.023513,-0.083952,-0.030427,-0.080357,-0.12333,0.10294,-0.12161
0.53225,0.10951,0.042498,0.072437,0.3339,-0.34806,0.28532,-0.082165,-0.27024,0.03157,0.13148,0.025458,0.06693,-0.016575,0.012569,0.16221,-0.12659,0.1997,-0.0072164,-0.067076,0.021363,0.039288,-0.57858,0.065419,-0.35302,-0.087966,-0.007746,-0.10044,-0.12299,0.052651,-0.038357,-0.067972,0.089637,-0.028748,-0.12506,0.21661,0.029234,0.070099,-0.20775,-0.20598,-0.083102,0.047124,0.10753,0.14972,-0.048294,-0.22757,-0.0085497,0.0047816,0.0058813,0.043387,0.017698,0.0068749,0.045001,-0.049798,-0.28116
0.18834,0.1488,0.20453,0.1486,0.15559,-0.10218,0.32294,-0.048485,-0.34658,0.15394,0.14115,-0.018397,-0.079368,-0.013328,0.12694,-0.088015,-0.20951,0.10352,-0.18239,-0.13273,0.04074,-0.015767,-0.39276,-0.16282,-0.398,0.063873,0.18271,-0.095542,0.065351,0.12868,-0.20108,-0.11971,-0.12433,-0.019102,-0.027462,0.094044,0.044412,0.15565,-0.12774,-0.28737,-0.069749,0.070457,0.10496,0.075715,-0.029283,0.035225,0.11967,-0.0041745,0.075254,0.091288,0.032603,-0.016021,-0.040065,-0.14368,-0.21327
0.054973,0.31969,0.12765,0.16727,0.24632,-0.29489,0.28915,0.18818,-0.19436,0.066706,-0.2069,0.050624,0.039389,0.015984,0.15152,0.057873,0.074011,0.13886,-0.26103,-0.035809,-0.022048,-0.05047,-0.51795,-0.11749,-0.59105,0.028387,0.14866,-0.047995,0.088818,0.060894,-0.28931,-0.0096084,-0.087914,0.003389,-0.086865,-0.17779,0.035888,0.011887,-0.055141,-0.067038,-0.15239,-0.16346,0.11328,-0.054321,-0.02797,0.1071,-0.0097931,-0.10279,-0.00026204,0.069993,0.14797,-0.0099376,0.0076519,0.059284,-0.25823
0.035166,0.24639,0.039357,0.23048,0.046205,-0.3458,0.26215,0.14577,-0.027052,-0.086663,-0.32857,-0.14825,-0.086878,0.1783,0.1013,0.007929,0.027878,-0.099629,-0.16976,-0.0098103,0.27687,-0.0040079,-0.48311,-0.15033,-0.60584,0.056758,0.18425,-0.053715,0.058561,0.086466,-0.039142,0.016945,-0.025048,-0.090775,-0.00089026,-0.20469,0.018636,-0.014817,-0.030576,0.27094,-0.084483,0.043602,0.16233,-0.24571,0.031471,0.11374,0.082258,-0.13255,-0.060161,0.01659,0.16553,0.11438,-0.027859,0.11122,-0.21499
0.15231,0.189,-0.02442,0.18073,0.33009,-0.13115,0.027724,0.0080099,-0.097754,-0.25609,-0.077531,-0.090973,-0.015868,0.12105,0.016402,-0.11754,-0.086742,-0.4044,-0.0061238,0.01704,0.04823,0.16924,-0.4698,-0.10498,-0.50451,-0.024878,0.025776,0.028167,0.073305,0.026282,0.11193,0.082042,-0.00105,-0.054773,-0.095048,-0.03005,0.01031,0.023966,-0.063041,0.096065,-0.024834,0.037546,0.032697,-0.22639,0.10476,0.13584,0.050852,-0.058826,-0.027155,-0.060303,0.017286,-0.082057,-0.070039,0.27696,-0.15575
0.43448,0.17648,0.089893,0.095997,0.39791,-0.079198,0.090678,0.11714,-0.38337,-0.24621,0.15997,-0.10215,-0.14175,0.0052416,0.029561,-0.075271,-0.065215,-0.13301,0.12561,-0.17564,0.331,0.20304,-0.5969,0.05397,-0.4347,0.029419,0.028295,-0.0011311,-0.010337,0.0055209,0.10435,0.064487,0.15307,-0.11765,0.028653,-0.036135,0.013344,-0.15715,0.095834,0.20174,0.046312,0.029077,-0.10531,-0.027527,-0.14215,-0.034941,-0.020683,-0.069008,-0.091296,-0.10226,-0.13802,0.050065,0.012774,0.074725,-0.27438
0.8136,0.20376,0.25726,0.18891,0.39378,-0.11153,-0.16585,0.10453,-0.095529,-0.10016,0.14926,0.072776,0.022254,-0.047933,-0.019276,-0.017857,-0.042311,0.12382,0.13748,-0.17029,0.25836,0.089558,-0.63579,0.084506,-0.30626,0.096964,-0.072979,-0.065548,-0.039274,-0.0033351,0.045802,0.0025101,0.18644,-0.083926,-0.11966,0.071021,-0.044546,-0.14492,-0.037174,0.0030626,0.018213,-0.12828,-0.15286,0.17151,-0.13938,-0.12437,0.050495,0.064398,-0.045121,-0.155,-0.13364,0.077216,0.067559,0.068667,-0.32353
0.47062,0.26382,0.24479,-0.082707,0.38887,-0.28685,0.061736,0.066446,0.060508,-0.23542,-0.22751,0.01966,0.015497,-0.091906,-0.082282,-0.030856,-0.13156,-0.057606,-0.071645,0.051308,0.0075964,0.12173,-0.39776,-0.039797,-0.38177,-0.021737,-0.0194,-0.045642,0.010342,-0.049918,0.015356,-0.034759,0.022199,-0.0054321,-0.02189,0.14878,-0.017194,-0.058968,-0.067294,-0.041173,-0.007977,-0.1236,0.045073,0.28263,-0.17175,-0.015055,0.096684,0.0061778,0.073421,-0.14065,-0.048625,-0.022854,-0.095113,0.036287,-0.17911
0.32162,0.43786,0.10156,-0.049852,0.026147,-0.46748,-0.024469,0.20337,-0.14041,-0.13055,0.058402,0.017446,-0.0020755,0.005526,0.02665,0.13777,0.007753,-0.044046,-0.014693,0.11669,-0.14712,-0.040047,-0.45952,-0.13262,-0.31558,-0.15276,0.1343,-0.042098,0.10451,-0.19229,0.049711,0.00086048,-0.030504,-0.097229,0.081685,-0.036338,0.087545,-0.016352,-0.041351,-0.32539,-0.018194,0.12711,0.082528,0.24232,-0.051934,-0.016732,0.082377,-0.0055855,0.0099073,0.012295,0.091192,-0.10443,-0.011465,0.0055134,-0.23061
-0.23525,0.3998,0.072585,0.15765,-0.25728,-0.23816,-0.091123,0.092613,-0.24585,-0.035135,0.18405,0.13763,-0.093366,0.15072,-0.10834,0.030164,0.1228,-0.055293,-0.18642,-0.066502,-0.29163,-0.11793,-0.41763,-0.11961,-0.40685,0.11897,0.29709,-0.090059,0.12621,0.062874,0.060552,-0.083794,0.050158,0.019484,0.14933,-0.046427,0.029256,0.063516,0.1155,0.0072114,-0.06015,0.080036,0.1016,0.084409,-0.11196,0.061497,0.010784,-0.089336,0.0090018,0.2093,-0.009024,-0.07731,-0.12786,-0.035376,-0.25094
-0.086451,0.26928,-0.036601,0.045756,-0.17449,-0.31522,0.30933,0.090871,-0.29537,-0.06737,-0.13583,0.039048,0.0061516,0.04093,0.11981,0.10958,-0.21801,-0.13416,-0.054954,0.0079192,-0.18459,-0.10153,-0.80592,-0.13982,-0.61143,0.11626,0.20912,0.0054211,0.10683,-0.21406,-0.08021,-0.013422,-0.077469,-0.10994,0.095363,0.070213,0.057405,-0.085616,0.029339,0.13729,-0.024513,-0.0097468,0.05392,-0.11167,-0.069693,-0.042369,-0.093016,0.0039996,0.045834,0.095453,0.091615,0.047331,-0.067642,0.13889,-0.32843
0.0099059,0.11062,0.078115,0.14025,-0.38382,-0.2558,-0.011302,0.088447,-0.11903,0.24935,-0.042984,-0.0038757,0.10741,0.16637,-0.087151,0.11523,-0.053594,-0.13069,0.0048255,-0.058318,-0.204,-0.081529,-0.56845,-0.06748,-0.52878,0.20652,0.082135,-0.15022,0.12842,-0.10136,-0.012356,-0.014112,-0.068452,-0.084981,0.023325,0.11134,0.079001,-0.021255,-0.028466,0.23846,-0.035365,0.10981,0.023964,-0.15047,-0.050856,0.14316,-0.0035073,0.030951,-0.052139,-0.034338,0.016275,0.055763,-0.080663,0.07493,-0.20921
0.35414,0.024281,-0.021358,0.087252,0.08218,-0.44682,-0.21009,-0.010618,-0.075417,0.13047,-0.27934,-0.047296,0.21385,0.10108,-0.04126,0.24323,-0.098699,-0.14493,0.14277,0.065187,-0.18177,-0.073385,-0.70114,0.063621,-0.42482,-0.04781,-0.064731,-0.072668,0.10851,-0.078981,0.036407,0.037539,0.091105,-0.029761,-0.11297,0.16322,0.05675,-0.06576,-0.25553,0.013368,-0.001693,0.065103,-0.0017012,-0.1202,0.0162,0.049413,-0.028046,0.0014058,-0.029495,-0.15996,-0.069274,0.038371,0.048147,0.15852,-0.25769
0.31407,-0.032035,0.057418,-0.060377,-0.003203,-0.30258,-0.044772,-0.015794,-0.18001,-0.12066,0.094208,-0.075667,0.032101,-0.032312,0.094237,0.13376,0.035063,-0.18334,0.034133,-0.10034,0.23915,0.035643,-0.54318,0.044261,-0.45427,0.027877,0.0076415,-0.068898,-0.0022051,-0.22679,0.1474,-0.0075132,0.018523,-0.1062,-0.05197,0.048885,0.050096,-0.024106,-0.2418,-0.031727,0.044645,0.16014,0.10708,-0.11773,-0.087721,0.10333,0.011194,-0.065236,0.010024,-0.096467,-0.03879,-0.020238,0.060478,0.032959,-0.20722
0.20308,0.10563,0.23473,-0.085101,0.27678,-0.21935,-0.15994,0.18525,-0.24325,-0.069075,0.040021,0.13527,0.044443,-0.17491,0.16004,0.22272,0.0033665,-0.22861,-0.033567,-0.1479,0.03731,0.12705,-0.72048,0.007235,-0.48903,0.041236,0.025958,-0.047414,0.032145,-0.031157,0.13919,-0.072232,0.080798,-0.094274,-0.084321,-0.11951,0.02703,-0.063908,-0.24736,0.0072455,-0.016568,-0.010181,-0.052684,0.013168,-0.18134,-0.016457,-0.036969,-0.16748,-0.0089868,0.027026,0.029183,-0.081565,0.044899,-0.016986,-0.21966
0.14796,0.089681,0.16287,-0.052902,0.21138,-0.28085,-0.13481,-0.044348,-0.25286,0.10362,-0.13804,-0.063806,-0.055552,-0.082742,0.07236,-0.020239,-0.040705,-0.13649,-0.20033,-0.064793,0.16778,0.044632,-0.33827,-0.1612,-0.53019,-0.047213,-0.0010028,-0.051429,-0.031879,-0.041796,0.10607,-0.052115,-0.12616,-0.03863,0.02075,-0.21688,0.033459,0.0060991,-0.16873,-0.10585,0.030152,-0.055656,-0.2315,0.027571,-0.13818,0.083859,0.16518,-0.063074,-0.030607,-0.10849,0.086374,0.048381,-0.026807,0.053251,-0.16274
0.18506,0.1807,-0.017265,-0.049101,0.29795,-0.37173,-0.11877,-0.031876,-0.090705,-0.057966,0.059591,0.06055,-0.01437,-0.035166,0.020493,0.13811,-0.15366,-0.21535,-0.19603,-0.035685,0.054015,0.019938,-0.45913,-0.18638,-0.67415,0.11314,-0.0061012,-0.025974,-0.057199,-0.09913,0.11584,-0.012097,-0.067102,0.048448,-0.017806,-0.28316,0.031966,0.046649,-0.10212,-0.077224,-0.053577,-0.028119,0.072843,0.067732,-0.070091,-0.093431,0.1071,-0.084594,0.033313,0.031293,0.17111,0.058267,0.014168,0.05168,-0.19631
0.39485,0.1526,-0.16996,-0.05545,0.12095,-0.54129,-0.099442,0.071689,-0.0048652,0.053731,-0.095512,0.0046689,0.010064,-0.17573,-0.035206,0.061211,0.10584,-0.063342,-0.20561,0.0092177,-0.15423,0.054226,-0.43543,-0.12393,-0.37349,-0.031829,-0.060701,0.034367,-0.024853,-0.038755,-0.030718,0.063392,-0.0018703,-0.078207,-0.01126,-0.14532,0.047483,-0.024292,0.078345,0.16653,0.046492,0.010336,0.20359,-0.015758,0.096617,-0.12465,0.025869,-0.20357,0.14529,0.086586,0.27719,-0.026507,0.081944,0.15311,-0.18814
0.45358,0.090306,-0.13674,-0.010813,0.22598,-0.48538,0.21169,0.14208,-0.11825,0.19913,-0.21225,-0.085997,-0.099825,-0.050302,0.062803,0.13405,0.045047,-0.0049017,-0.084736,-0.04339,-0.023443,-0.010483,-0.40681,-0.16918,-0.37925,0.03992,0.076294,-0.026178,-0.0057542,0.061346,-0.055023,0.017215,-0.017492,-0.045766,-0.004016,0.12816,-0.0021443,0.025837,0.022722,0.25013,-0.050569,0.015524,-0.12266,0.048245,0.032643,-0.18716,0.013284,-0.085878,0.024943,-0.044866,0.17005,0.063006,-0.067544,0.083078,-0.25751
0.43148,0.13339,-0.16146,-0.094912,0.16923,-0.45721,0.11714,0.053596,-0.31513,0.3719,-0.021888,-0.12126,-0.13537,0.00040679,-0.022787,0.31092,0.030066,0.14101,0.040064,-0.037893,-0.07139,0.058562,-0.38043,-0.018214,-0.50657,-0.056452,0.03362,-0.075177,-0.096014,-0.016606,-0.070916,0.097198,-0.031447,-0.030282,-0.025745,0.15301,-0.026609,0.013886,-0.039789,0.093908,-0.035923,-0.042979,0.023272,0.024674,0.021529,-0.1873,0.11575,-0.079302,0.015922,-0.05069,0.059462,0.22098,-0.07726,0.054566,-0.17991
0.081429,0.14369,0.076082,0.069102,0.28962,-0.19049,0.03322,0.073666,-0.21165,0.29378,0.19442,-0.002128,-0.1533,0.014315,0.019145,0.15149,-0.027985,-0.010203,0.056582,-0.088293,-0.11058,0.14026,-0.48371,0.13984,-0.71727,0.28317,0.085851,-0.037986,0.018834,0.012439,-0.095304,0.034055,-0.056103,0.025041,-0.019802,0.081861,-0.012404,0.019529,-0.066652,0.077933,-0.0082929,0.059931,-0.037695,-0.0042414,0.013053,-0.076835,0.063824,0.03382,0.074686,0.026316,-0.23623,0.12711,-0.089068,0.11926,-0.18168
0.2782,0.20812,0.44571,-0.056688,0.2043,0.045683,0.21245,0.13868,-0.19058,0.081997,0.092637,0.0096595,-0.14207,-0.055099,0.088807,0.17224,-0.072918,-0.12128,0.054263,-0.04472,-0.014409,0.15064,-0.63164,0.14384,-0.68988,0.19423,0.07157,-0.053018,0.043018,-0.049922,-0.003338,-0.010208,0.011941,-0.039686,0.018805,0.10252,0.023578,-0.035968,-0.024601,0.16957,-0.022349,0.16669,-0.12903,-0.082542,-0.089252,0.018068,-0.010478,-0.074962,0.10391,0.035998,-0.11162,0.011421,-0.035354,-0.01048,-0.26884
0.76556,0.27046,0.28917,-0.16644,0.17792,-0.18467,0.18402,0.11535,-0.26454,0.020539,-0.47526,-0.061754,0.0043882,-0.10112,0.29178,0.27704,-0.086409,0.041298,0.016633,0.13019,0.029728,0.09764,-0.4557,0.05959,-0.4407,-0.23488,-0.018049,-0.044672,-0.05687,-0.15621,0.038908,-0.034535,0.032121,-0.0097173,0.068234,-0.039069,0.00073491,-0.071905,-0.10235,-0.041812,-0.079654,0.012405,-0.18304,-0.0545,-0.22416,0.026459,0.15471,-0.053428,0.016214,-0.080032,-0.039551,0.076021,0.017723,-0.030382,-0.28566
0.62504,0.33226,0.1618,-0.14516,0.19158,-0.22704,-0.077426,0.16192,-0.31246,-0.01949,0.064825,0.023893,0.00018808,-0.070794,0.16272,0.18284,0.015134,-0.046252,-0.039525,-0.035639,-0.16614,-8.8197e-05,-0.4012,-0.071075,-0.24479,-0.14921,0.0024006,-0.067434,-0.020149,-0.055512,0.11671,-0.041281,-0.0058951,-0.0091155,0.034771,-0.2411,0.0073602,-0.053056,-0.18619,-0.37611,-0.084722,-0.031966,-0.043619,-0.024777,-0.23515,0.079446,0.25482,-0.10952,0.1175,-0.073655,0.062613,-0.010205,0.055281,-0.036331,-0.16305
0.44902,0.28706,0.0044861,-0.21221,0.25732,-0.29013,0.20413,0.054232,-0.05128,-0.18291,0.15685,0.00091937,-0.027987,-0.024238,-0.066929,-0.09984,-0.14756,-0.070213,-0.19521,-0.16556,-0.014868,0.0064032,-0.38794,-0.21152,-0.33284,0.12788,0.13199,0.0045664,-0.019221,-0.02795,0.26773,0.017977,-0.055086,-0.13667,0.033553,-0.2828,0.053825,0.026859,0.071841,-0.32669,-0.11733,-0.072218,-0.26777,-0.017852,-0.1536,0.21882,0.1457,-0.053325,0.056269,-0.09911,0.23115,-0.097439,-0.088236,0.052083,-0.13662
0.53879,0.25495,-0.22376,-0.10814,0.062602,-0.4575,0.1084,0.077029,0.10424,0.0044782,-0.13897,0.00834,-0.051451,-0.016052,-0.18737,0.014187,-0.17366,0.023674,-0.097116,-0.028119,-0.014079,-0.084771,-0.45675,-0.20125,-0.24655,0.15877,0.18179,-0.093976,0.026943,-0.079477,0.14237,0.033767,-0.059501,-0.059656,0.10454,-0.15941,0.038626,0.030379,0.35944,0.14561,-0.059861,-0.07811,-0.20216,0.017299,-0.10712,-0.027458,0.16898,-0.09699,0.020111,0.027939,0.13923,0.077785,-0.046376,-0.046773,-0.30038
0.24213,0.16823,-0.3291,0.0074968,0.04426,-0.56371,0.17916,0.05948,0.027116,0.10719,-0.16943,-0.0062394,-0.047017,0.067281,-0.27396,0.064335,-0.021479,0.019446,0.095257,0.24138,-0.20959,-0.072892,-0.50217,-0.086062,-0.31918,-0.070808,0.094429,-0.076587,0.039845,-0.1015,0.078587,0.074053,-0.097935,-0.10689,0.12161,0.031867,0.10328,0.12079,0.26455,0.218,0.010959,-0.080041,-0.025033,0.053065,0.11598,-0.12075,0.031553,0.0063127,0.038323,-0.024642,-0.033546,0.066065,-0.0088399,0.13445,-0.30587
0.016138,0.2073,-0.17945,0.31584,0.14324,-0.41501,0.26382,0.0029736,-0.33072,0.1307,0.22643,-0.11228,-0.024503,0.12808,-0.030879,0.21787,-0.021072,-0.023682,0.20573,0.15819,-0.028295,-0.075433,-0.6426,-1.6903e-05,-0.55458,0.069674,0.23053,-0.025014,0.025403,-0.079303,0.19129,0.035693,-0.013236,-0.10935,8.363e-05,0.2634,0.083673,0.14124,0.073325,-0.011979,0.013765,0.13863,0.053428,0.012266,0.032175,-0.10364,-0.01779,0.079079,-0.062282,0.04512,-0.065752,-0.060868,-0.015301,0.11292,-0.31478
0.038611,0.054715,0.1309,0.34255,0.031548,-0.11316,-0.032865,0.03996,-0.46917,0.26411,0.018084,-0.04265,0.054692,0.12907,0.060706,0.38162,-0.013664,0.067424,0.15094,0.069856,-0.13998,-0.1061,-0.62802,0.048773,-0.68081,0.11906,0.21107,-0.056164,0.13569,-0.148,-0.0072068,-0.05366,-0.12182,-0.10561,-0.045133,0.38764,0.084903,0.091624,0.043487,0.070715,0.072841,0.10931,-0.20231,-0.099908,-0.032083,-0.041841,0.12146,0.048235,0.026904,-0.023167,-0.17227,-0.073562,-0.040145,0.023327,-0.25025
0.21767,0.062251,0.33259,0.23617,0.11865,-0.071262,0.02511,-0.079772,-0.28816,0.077474,-0.15812,-0.056662,0.14235,0.055315,0.23058,0.25748,-0.17213,0.05636,0.062074,-0.077153,0.057801,-0.041627,-0.52892,-0.015718,-0.70832,0.13151,0.091937,-0.037174,0.070803,-0.14123,-0.01941,-0.069395,-0.029692,-0.15449,-0.11107,0.32711,-0.017682,0.074342,-0.12755,-0.20559,0.053789,-0.050764,-0.18228,-0.10462,-0.080748,0.021144,0.14032,-0.026442,-0.012358,-0.091884,-0.01713,-0.13829,-0.047338,-0.013042,-0.20166
0.42033,0.31504,0.42571,0.087875,-0.012809,-0.16624,0.26234,0.20393,-0.23151,-0.24975,-0.19467,0.088277,0.17454,-0.088718,-0.058007,0.063573,-0.17869,-0.042232,-0.10474,-0.21399,0.24971,0.014635,-0.59151,0.082091,-0.38187,-0.078169,0.0045233,-0.11856,0.074545,-0.10674,-0.074697,-0.12905,0.079504,-0.076063,-0.19983,0.025039,-0.062663,-0.02177,-0.063582,-0.29968,0.068801,0.12522,0.23777,-0.022838,-0.071865,0.11615,-0.018949,-0.1556,-0.0057873,-0.036026,0.026165,-0.057548,-0.006411,-0.075688,-0.27388
0.57377,0.30509,0.20981,0.015257,-0.030497,-0.24694,-0.18352,-0.027091,-0.28694,-0.070098,-0.14555,0.097211,0.047662,-0.024998,-0.086521,0.037969,-0.11137,-0.030541,-0.23842,-0.19668,0.19324,0.045361,-0.38419,0.011378,-0.34951,-0.045035,0.011672,-0.076893,0.06657,-0.05523,-0.051266,-0.064735,0.064028,0.024005,-0.16096,-0.071096,-0.12522,0.010247,-0.039495,-0.28542,0.00951,-0.00093229,0.085199,-0.040532,-0.059067,0.29456,0.1066,-0.13225,-0.020025,-0.018701,0.13891,-0.011396,-0.14101,0.049493,-0.21313
0.4287,0.32223,0.24065,-0.078717,-0.059451,-0.21262,0.017643,0.079685,-0.22632,-0.084436,0.10107,-0.008678,-0.24654,-0.04016,0.071585,-0.017732,0.14846,-0.18615,-0.11804,-0.070187,0.30789,0.07987,-0.48714,-0.089934,-0.42278,0.082009,0.10215,-0.061961,0.029778,-0.0075909,0.056128,-0.07352,0.12468,-0.033982,-0.021672,-0.097486,-0.058162,-0.014027,-0.12095,-0.025847,-0.039156,0.071856,-0.12446,-0.027439,-0.038156,0.21549,-0.021255,-0.092292,-0.061224,0.061763,0.29302,-0.074311,-0.10892,0.12867,-0.18521
0.16669,0.19629,0.2449,0.04461,-0.014182,-0.091206,-0.20884,0.080676,-0.077533,0.076932,0.21857,0.10495,-0.29812,0.013545,0.073397,-0.0026405,-0.035853,-0.34175,-0.052927,-0.0060039,-0.0036576,0.10613,-0.65422,-0.16441,-0.55112,0.32428,0.13383,-0.056476,0.10465,0.068047,0.058372,0.015823,0.10402,-0.064706,0.018666,-0.058021,0.04153,0.075788,-0.068006,0.24462,-0.048494,-0.022477,-0.18026,0.016573,0.073984,0.16,-0.096924,-0.039982,-0.01954,-0.012437,0.24289,-0.1018,-0.12829,0.13309,-0.22411
0.3238,0.15491,-0.010164,-0.055525,0.034863,-0.35378,-0.21288,0.017557,-0.11086,0.26811,-0.27713,0.019728,-0.1003,-0.067554,0.056082,0.08745,-0.17872,-0.16177,0.034017,0.22818,-0.12105,0.15568,-0.62036,-0.061683,-0.30299,-0.038569,0.094685,-0.042555,-0.0091487,0.081904,-0.029878,0.069513,0.14458,0.030605,-0.036846,-0.055159,0.042781,0.05909,-0.043243,0.31766,-0.058756,0.012387,0.058055,0.12121,0.048057,0.042713,0.025575,0.074063,-0.030077,-0.038263,0.091144,0.0067758,-0.0085581,0.18642,-0.31447
0.38486,0.047126,0.032278,-0.086301,0.10426,-0.30782,0.28776,0.2057,-0.18902,0.060086,-0.19838,-0.072895,-0.10964,-0.06012,0.06674,-0.026379,-0.20312,-0.21245,0.042323,0.13833,-0.10149,0.21869,-0.60765,-0.063563,-0.16421,-0.052057,0.077407,-0.049674,-0.046399,0.17377,0.097369,0.028724,0.10439,-0.035479,0.038222,0.034973,0.11564,0.013176,-0.17539,0.22348,0.04191,0.17687,0.11243,0.010288,0.043229,-0.11945,0.049298,0.047404,0.033493,-0.11544,-0.034747,0.015955,-0.020079,0.094516,-0.25294
0.35039,0.13051,-0.023985,-0.089732,0.14428,-0.36748,-0.21726,0.0053063,-0.19844,0.42229,-0.049542,-0.15285,-0.081086,-0.084046,-0.070389,0.167,0.12709,-0.10342,0.045633,0.070071,-0.2694,0.025643,-0.4471,-0.036308,-0.10523,-0.044859,0.058985,-0.04113,0.0015781,0.057396,0.22813,0.11834,0.053249,-0.091274,0.010543,-0.060599,0.042611,-0.02599,-0.13436,-0.066363,0.028637,0.068107,0.099512,0.015799,-0.08025,0.035197,0.0062871,-0.13002,0.075211,-0.080168,-0.042082,-0.054944,0.017223,-0.077932,-0.21905
-0.1189,0.036221,0.13518,-0.12447,0.35091,-0.062374,-0.0003982,0.060679,-0.34042,0.076914,-0.11002,-0.10223,-0.15665,-0.18419,0.13539,0.10068,-0.10181,-0.027871,-0.056289,-0.14869,-0.0057158,0.055403,-0.41789,-0.16908,-0.61313,0.13105,0.25681,-0.001343,-0.033521,-0.022307,0.12639,0.0015618,-0.019567,-0.14976,0.026848,-0.053451,0.04656,0.028375,-0.048015,-0.068517,-0.038796,-0.14281,-0.19874,0.09142,-0.25212,-0.013627,0.10551,-0.11172,0.017552,-0.044012,-0.055664,-0.11822,-0.1012,-0.12127,-0.14773
-0.19202,0.16867,0.21994,0.17255,0.10749,-0.068854,0.030649,0.10658,-0.093836,-0.056078,0.097223,0.04335,-0.038909,-0.10432,-0.18967,-0.022205,-0.13034,-0.082319,-0.082893,-0.14171,-0.054457,-0.094544,-0.54868,-0.019775,-0.62655,0.15487,0.107,-0.061855,-0.07052,0.046643,0.16796,-0.056345,0.016218,-0.12613,-0.052051,-0.10282,0.04173,0.053948,-0.14285,-0.15171,-0.059724,-0.036551,-0.08779,-0.013556,-0.10278,-0.19198,0.065165,-0.088519,0.057452,-0.015005,-0.0070532,-0.05302,-0.0032602,-0.026778,-0.24695
0.19866,0.087617,0.2447,0.18981,0.28143,-0.19838,0.2367,0.048319,-0.026898,0.03065,-0.32524,-0.046855,0.069456,-0.1373,0.0072965,-0.079277,-0.086359,-0.0005484,-0.092037,0.063714,-0.20129,-0.085518,-0.46956,-0.10025,-0.55118,-0.022993,0.013704,-0.019934,-0.06381,-0.028381,-0.053839,-0.085339,-0.072527,-0.0061341,-0.0090466,0.095263,0.068153,-0.023461,-0.16982,-0.050018,-0.03502,-0.1439,-0.13442,-0.018974,-0.062083,-0.055091,-0.0028579,-0.0049091,0.14273,-0.0058188,0.048308,-0.11597,-0.017597,0.23798,-0.15299
0.46428,0.18616,0.25807,0.37144,0.059374,-0.22111,0.064339,0.051263,-0.17148,0.077811,0.24675,0.063639,0.11541,0.053005,0.049429,-0.042,0.048745,0.13389,-0.033351,-0.034272,-0.13475,-0.15591,-0.42334,-0.0076402,-0.30029,-0.018068,-0.039683,-0.096787,-0.033678,0.0099064,-0.16564,-0.088319,-0.11017,-0.072181,-0.038942,0.058595,0.11002,-0.079153,0.043866,-0.0554,-0.065184,0.027798,0.026919,-0.0072527,-0.12018,0.031848,0.042003,-0.037116,0.061633,0.078582,0.20472,-0.08572,0.098117,0.11144,-0.15609
0.32304,0.095619,0.10769,0.2932,0.0052936,-0.25528,0.21542,0.11574,-0.15088,0.034337,0.17619,0.14293,0.06402,0.22578,-0.0061394,0.049482,0.09899,0.083318,-0.077222,-0.10541,-0.15083,-0.1201,-0.38475,-0.0469,-0.32835,0.050457,0.072684,-0.13317,0.0015021,0.083411,-0.089287,-0.046494,-0.015249,-0.026697,-0.062449,0.051355,0.053653,-0.042772,0.13798,0.24981,-0.14325,0.027442,-0.077472,0.029765,-0.087345,0.059929,0.085841,-0.10477,0.030808,0.044862,0.090834,-0.059576,0.01228,0.075683,-0.16096
0.4091,0.027418,0.06173,0.18378,0.20367,-0.4179,0.05353,0.11399,-0.11352,0.1674,-0.28303,-0.03865,0.098171,0.30298,-0.05822,0.1634,-0.046123,-0.10356,-0.04246,-0.014808,-0.033609,0.086471,-0.57285,-0.043557,-0.3089,0.0061358,0.077453,-0.069612,0.048533,-0.11114,-0.017514,0.044592,-0.096792,-0.011942,-0.13035,0.04449,-0.033558,-0.071315,0.084624,0.13097,-0.056326,0.0082008,0.045313,-0.075888,-0.036578,0.044828,0.038129,-0.087195,0.0061572,-0.070364,-0.012078,-0.013,-0.04517,0.13771,-0.23176
0.14271,0.094839,0.1052,-0.022747,0.19597,-0.334,0.0205,0.1515,-0.24307,0.21144,-0.097215,-0.065727,0.0039275,0.24398,0.011591,-0.036697,-0.042717,-0.24604,0.03313,0.055121,-0.15096,0.16147,-0.57021,-0.12159,-0.32709,-0.0040676,0.12875,-0.065194,0.158,0.098583,0.17404,0.019963,-0.028692,-0.028272,-0.067327,0.12323,-0.049514,0.030693,0.030567,-0.06041,-0.0087584,0.09845,0.068156,-0.048911,0.010324,0.12098,0.02428,-0.096398,-0.039922,-0.03841,-0.08584,0.016524,-0.093629,0.056351,-0.24044
-0.080704,0.24133,0.0059922,-0.078207,0.45303,-0.4492,-0.1345,0.079414,-0.079483,-0.06451,0.036473,-0.058453,-0.10088,0.14133,0.003377,0.085718,-0.0077524,-0.22553,-0.013529,-0.034143,0.20757,0.19118,-0.48148,0.010299,-0.52842,0.093822,0.12004,-0.035707,0.12088,-0.034283,0.21072,0.092735,0.15707,-0.10647,0.033376,0.15014,-0.041698,-0.027798,-0.17681,-0.082476,-0.022978,0.067048,0.057928,-0.048505,0.012466,0.13847,0.0063405,-0.097901,-0.053157,-0.035371,0.05889,-0.14899,-0.11902,0.094644,-0.21794
-0.081018,0.26088,-0.11936,0.033134,0.15181,-0.35041,-0.37064,0.19003,-0.17361,-0.035365,-0.07168,0.13433,-0.17357,-0.048206,0.0066992,0.052993,-0.058641,-0.11655,-0.057585,-0.061199,0.25134,0.07089,-0.49024,0.044026,-0.44757,0.011157,0.073705,-0.077496,0.01606,-0.024146,0.092354,0.010815,0.11561,-0.11107,0.043405,0.10105,-0.033895,-0.11986,-0.16632,-0.0091745,0.037756,0.048699,-0.075088,-0.088713,-0.0050306,-0.027833,-0.13504,-0.046745,-0.00073518,0.05729,-0.12532,-0.077822,-0.010365,0.053075,-0.2207
-0.10536,0.35563,-0.14077,0.071846,0.074437,-0.21917,-0.061503,0.095218,-0.21697,-0.20702,0.088141,0.20943,-0.0081415,-0.26811,0.064822,-0.058536,-0.17698,-0.050275,-0.13301,-0.12077,0.11889,0.16455,-0.46903,0.0054325,-0.59217,0.048597,0.023408,-0.040121,-0.10232,0.042655,0.080668,0.0061863,0.30876,-0.032187,0.061352,-0.0040638,0.032468,-0.056989,-0.20554,-0.044228,0.023718,-0.024267,-0.036591,-0.071894,0.0081093,-0.0031975,-0.066358,0.026323,0.10243,-0.01191,0.0119,-0.0039671,0.019286,0.035907,-0.19029
0.18736,0.28709,-0.20111,0.002346,0.22255,-0.33235,-0.179,-0.034228,-0.24588,-0.002694,-0.163,0.02138,0.035215,-0.16133,0.27743,0.043503,-0.10743,0.097043,-0.088239,-0.10612,0.079678,0.0090363,-0.46079,-0.15389,-0.54617,0.085468,0.058895,-0.024602,-0.056365,-0.11135,0.064103,0.091253,0.11754,0.027962,0.087708,-0.14473,0.11187,-0.084951,-0.25555,0.0041652,0.090353,0.010307,-0.14842,-0.023979,-0.083532,0.020127,0.14682,-0.0089401,0.050062,-0.12034,0.0951,-0.016622,0.0041679,0.11445,-0.22077
0.38946,0.12213,0.0014829,-0.033245,0.31337,-0.14182,-0.084801,0.16143,-0.19831,-0.080351,-0.16725,0.06769,0.19516,-0.048312,0.076535,0.10047,0.17855,0.10386,-0.058509,-0.15886,-0.23189,-0.10465,-0.4512,-0.094481,-0.51109,0.0089864,0.004182,0.0078021,0.017855,-0.15537,-0.039374,-0.0079314,0.052739,-0.075764,0.065807,-0.21525,0.13814,0.040748,-0.20082,0.078963,0.047932,0.080146,-0.15523,0.14681,-0.058458,0.034024,0.18279,-0.084738,0.071903,-0.090122,0.054761,-0.16936,0.0041703,0.010146,-0.18311
0.43007,0.15149,-0.0081274,-0.091795,0.32547,-0.22032,0.048878,-0.087228,-0.014115,-0.1519,-0.0043265,-0.033871,0.15673,0.057048,0.041064,0.11338,-0.21229,0.054985,-0.10478,-0.11417,-0.19857,0.050117,-0.45549,-0.11987,-0.5414,-0.00096396,-0.028965,0.043478,-0.066995,-0.10039,0.14264,-0.01328,0.072676,-0.16246,-0.073998,-0.26957,0.055667,0.17705,0.10153,0.11059,0.0056749,-0.051683,0.1714,0.25975,-0.10522,0.050865,0.26064,-0.10844,-0.037502,0.031446,-0.073294,-0.051422,-0.0078694,0.09499,-0.18199
0.58403,0.15781,0.13044,-0.14182,0.25894,-0.33236,0.10518,0.090614,0.018086,0.16876,-0.017799,-0.11346,0.069434,-0.06068,-0.11376,0.11041,-0.067157,0.043343,-0.016421,0.020468,-0.32011,0.0022241,-0.44386,-0.179,-0.33036,-0.11519,-0.035481,0.001611,0.048749,-0.28789,-0.044209,-0.052439,-0.037493,-0.21299,-0.020809,-0.11473,0.023594,0.16858,0.16895,-0.025749,0.018954,-0.11954,0.058555,0.14811,-0.053816,-0.063695,0.13398,-0.15366,-0.015862,0.028636,0.00071317,-0.1037,-0.063806,0.1356,-0.17811
0.34022,0.14816,0.4453,0.036834,0.15709,-0.23134,0.025003,0.14246,-0.082981,0.33981,-0.10201,-0.20006,0.065393,0.14238,-0.4442,0.07836,-0.10328,-0.0034577,-0.13802,-0.001596,-0.42965,-0.045141,-0.38748,-0.10532,-0.40072,-0.093203,0.024338,-0.079574,0.12412,0.015567,0.015195,-0.13353,-0.087581,-0.13773,0.035543,0.15406,0.047335,0.18718,0.14111,-0.085743,0.042468,-0.12135,0.0040723,-0.015878,-0.020676,-0.0097151,0.050164,-0.17408,0.011195,-0.023531,0.038716,0.00091437,-0.22155,0.16064,-0.11079
0.27908,0.22949,0.26932,0.040477,0.1501,-0.36991,0.11376,0.0506,-0.17143,0.11729,0.34517,-0.08467,-0.026624,0.124,-0.02593,0.13535,-0.0016441,-0.13005,-0.0017687,0.10802,-0.15802,-0.060041,-0.72923,-0.06939,-0.61327,0.096361,0.1377,-0.074792,0.11661,-0.068881,-0.020132,-0.08952,0.033158,-0.082428,-0.034882,0.39254,0.055134,0.083762,0.20503,-0.12578,-0.014391,-0.18503,0.22338,-0.01762,0.012234,-0.068759,-0.12443,-0.064199,-0.083004,0.17191,-0.013676,0.13282,-0.069179,0.13648,-0.33926
0.20255,0.23929,0.24897,-0.092264,-0.2305,-0.06378,0.23174,0.20315,-0.37202,0.10006,0.14486,-0.060603,0.0083781,-0.013881,0.20496,-0.08515,0.0097659,-0.22012,-0.10627,0.062073,-0.13717,0.19526,-0.42407,-0.054393,-0.41541,0.21805,0.15552,-0.10462,0.090836,-0.11952,0.043081,-0.087905,-0.082798,0.020289,-0.06547,0.49171,0.089222,0.025033,0.20076,-0.062368,0.086637,0.10956,-0.055492,-0.2635,0.051373,-0.0081988,-0.14914,-0.042442,0.033494,0.12521,0.12132,0.010503,-0.14933,0.1403,-0.18692
0.51501,0.22552,0.084415,0.064632,0.061568,-0.15918,0.033237,0.075276,-0.50499,0.087653,-0.4433,0.048458,0.14851,-0.045639,0.32146,0.037555,-0.27584,-0.14478,0.0004835,-0.043467,-0.0094852,0.19897,-0.58705,-0.080488,-0.17317,-0.10229,0.16382,-0.041943,0.058679,0.07929,-0.015334,-0.018383,0.0198,0.027243,-0.1123,0.51996,0.06741,-0.087852,-0.10658,-0.14768,0.0219,-0.058665,-0.2971,-0.23337,-0.021545,-0.073125,-0.19098,-0.00012676,-0.022533,-0.081701,0.27929,0.093624,-0.18665,0.067247,-0.32157
0.69532,0.22744,0.21993,-0.10464,0.099711,-0.22585,-0.31767,-0.10088,-0.28029,0.24501,-0.45566,-0.087222,0.11607,-0.11296,0.28607,0.39984,-0.14297,-0.020713,0.12161,-0.12541,0.16427,0.23601,-0.65676,0.070177,-0.32721,0.20004,0.23735,-0.056289,0.086932,-0.13431,-0.15619,0.024758,-0.077897,0.018484,-0.060068,0.16766,-0.0022824,-0.13441,-0.20144,-0.32535,0.066491,-0.16801,-0.037212,-0.1539,-0.14865,0.015258,-0.050658,0.041176,0.047163,-0.14234,0.39796,0.028771,-0.08901,0.062461,-0.33668
0.23171,0.46116,0.15374,-0.14817,0.21735,-0.24938,-0.32906,0.020347,-0.10337,-0.15123,-0.13695,0.2627,0.021163,-0.19178,0.29555,0.17008,-0.24118,-0.014298,0.052681,-0.2515,0.0052505,0.24452,-0.81423,0.2014,-0.32683,0.19498,0.26482,-0.033213,0.0094323,0.13073,-0.090599,-0.090465,-0.019143,-0.042041,-0.1325,-0.17113,-0.023776,0.041272,-0.13034,-0.023363,-0.015263,-0.0096118,0.26839,0.0061794,-0.18394,0.065402,0.0096548,-0.10463,0.11656,0.061009,0.23674,-0.20571,0.00079024,0.43379,-0.41852
-0.012969,0.42287,0.25589,-0.10895,0.32894,-0.27582,-0.30375,-0.10161,-0.18453,0.084242,-0.48831,0.062455,-0.26764,-0.19401,0.39927,0.26065,-0.066155,0.15997,0.046355,-0.18797,0.24637,0.048579,-0.66409,0.1575,-0.30516,0.044893,0.3606,-0.070606,0.023732,0.094541,-0.069549,-0.070955,0.0017549,0.017103,-0.040635,-0.39553,-0.087498,-0.050491,-0.029102,0.42986,0.019078,-0.021007,0.068017,0.016681,-0.31705,0.12229,0.054145,-0.23268,0.13924,0.02113,0.083089,-0.25236,0.044853,0.47611,-0.36595
