0.22456,0.022883,0.13785,-0.28385,0.43315,-0.19985,-0.27875,0.022374,-0.24693,0.24281,-0.031023,-0.19517,-0.032266,0.006792,0.16073,0.19194,-0.03427,-0.0034663,-0.019772,-0.053603,-0.0069502,-0.0040863,-0.68007,-0.043692,-0.62778,0.01602,0.18763,0.095618,-0.0028421,-0.27953,0.13572,0.049672,-0.014092,-0.24009,-0.043397,-0.12028,-0.066705,0.041258,0.21538,-0.30438,-0.022677,-0.2366,-0.69443,0.013255,-0.015158,0.072036,0.11484,-0.019993,-0.11357,-0.0014311,-0.0089062,-0.22441,0.11265,-0.053495,-0.38935
0.33378,0.16604,0.17994,-0.29491,0.12574,-0.14671,-0.24618,0.013672,-0.13708,0.2537,0.0036087,-0.18471,0.11846,0.031743,0.098926,0.12049,-0.010625,-0.052082,-0.060627,-0.068786,-0.014779,-0.019199,-0.60053,-0.030614,-0.58856,0.095596,0.052979,0.025451,-0.0069487,-0.2104,0.1715,0.040479,0.00339,-0.20117,-0.031668,-0.084441,-0.054186,0.15503,0.29069,-0.038476,-0.054163,-0.20949,-0.56642,0.0074829,-0.009052,0.080713,0.092023,-0.043166,-0.10888,0.0067778,0.017297,-0.2937,0.090322,-0.058445,-0.39405
0.70577,0.16489,0.38659,-0.18879,0.10063,-0.23496,-0.27904,-0.0038188,-0.10026,0.4229,-0.23312,-0.20345,0.23186,0.082826,0.013576,0.21954,-0.05188,-0.046789,-0.041624,-0.10744,-0.0091418,-0.039895,-0.6357,-0.07769,-0.44252,-0.028689,-0.045288,-0.067306,0.056791,-0.14067,0.21717,0.064822,-0.077435,-0.2173,-0.050841,0.11063,0.0050412,0.16705,0.15263,0.25659,-0.059342,-0.29172,-0.41932,-0.050171,0.054997,-0.0048469,-0.01372,0.027166,-0.082311,0.0023272,0.033005,-0.41019,-0.023556,0.06556,-0.3812
0.8457,0.29635,0.47949,-0.023657,0.089359,-0.074764,0.159,0.10434,-0.24962,0.3273,0.11664,-0.10674,0.14927,0.014512,0.0033328,0.16943,-0.045117,-0.018913,-0.11135,-0.15323,0.11554,0.066898,-0.54575,-0.092165,-0.35525,0.047738,-0.073765,-0.10803,0.03706,-0.10979,0.12427,-0.036639,-0.060779,-0.091431,-0.060279,0.23662,0.097322,0.27677,0.13323,0.2338,-0.12263,-0.22406,-0.045444,-0.0065008,-0.0029858,-0.0022459,-0.087018,0.10398,-0.024784,0.044722,0.10267,-0.29679,-0.18773,0.15026,-0.3141
0.7903,0.25102,0.34959,0.16274,0.032453,-0.17641,-0.074697,0.081275,-0.42627,0.47333,0.28892,-0.097509,-0.01522,0.020382,0.21106,0.28242,-0.14681,0.039625,0.041346,-0.079795,0.2426,0.049875,-0.56651,-0.095842,-0.035177,0.066771,0.022789,-0.11807,0.013795,-0.078928,0.11086,-0.045668,-0.13509,-0.036254,-0.052493,0.16895,0.087843,0.17513,0.0089465,0.077667,-0.11112,0.039244,0.16528,-0.087353,-0.09366,-0.085276,-0.014511,0.10778,-0.04281,0.025326,-0.00075582,-0.11833,-0.12415,0.047213,-0.34204
0.71493,0.13122,0.40395,0.20567,0.11551,-0.10791,-0.11514,0.034218,-0.32917,0.53452,-0.092718,-0.076436,-0.19052,-0.081307,0.087804,0.25317,-0.0091439,0.052358,0.034621,0.0096526,0.34645,0.040363,-0.55303,-0.10584,0.0062164,0.16554,0.11944,-0.11632,-0.0025387,-0.032109,0.089744,-0.050474,-0.12947,0.087228,-0.026796,0.1124,0.063675,0.023811,-0.062868,-0.067172,-0.10295,0.077002,0.10113,-0.090326,-0.15903,0.10416,-0.046634,0.045302,-0.042772,-0.067576,-0.0027271,-0.16717,-0.13421,-0.0026466,-0.29154
0.43119,0.18381,0.21168,0.073192,0.1798,-0.36503,0.048756,0.12385,-0.15929,0.32836,-0.27843,-0.18645,-0.45661,-0.10794,-0.028885,0.18621,0.06701,0.010055,0.082704,0.12375,0.53787,0.0061866,-0.70947,-0.080321,-0.060158,0.15505,0.2914,-0.054163,-0.047355,0.092669,0.35694,0.012544,-0.083052,0.097431,-0.03383,-0.034399,0.030129,-0.16694,-0.073995,-0.05983,-0.035212,0.034498,0.19684,-0.10456,-0.18065,0.22223,-0.018852,-0.076301,-0.031552,-0.090838,0.072347,-0.088487,-0.038002,0.01009,-0.33735
-0.084896,0.17055,0.029897,0.12423,0.23206,-0.44038,-0.051801,0.10229,-0.17188,0.29924,-0.093158,-0.11815,-0.52995,-0.032575,-0.19154,0.05957,-0.065216,0.073106,0.034369,0.082629,0.44249,-0.027649,-0.60334,-0.041351,-0.33858,0.082301,0.33593,-0.086065,-0.074846,0.059498,0.29459,0.057451,-0.13772,0.0023285,-0.065054,-0.090069,0.0077272,-0.1694,-0.098679,-0.22089,0.01138,-0.073032,-0.043457,-0.0029217,-0.070323,0.29342,0.041552,-0.10998,-0.030948,-0.11392,0.068159,-0.091295,0.042931,0.021201,-0.18769
-0.47316,0.15499,-0.12284,0.12817,0.28297,-0.46869,0.10117,0.01057,0.019242,0.012099,-0.064082,-0.0024619,-0.37216,0.08952,-0.18779,-0.1274,-0.056231,-0.031458,0.035578,0.085166,0.14873,-0.032606,-0.55805,0.043888,-0.50192,0.14577,0.2409,-0.070361,0.0011111,0.1103,0.25192,0.093424,-0.13527,-0.022585,-0.025094,-0.017554,0.0068658,-0.18787,-0.22157,0.041485,0.060074,0.065251,-0.053967,0.049912,0.017666,0.1511,-0.0734,-0.13988,0.013438,-0.14365,0.0027549,-0.075049,0.060222,0.10392,-0.16713
-0.24518,0.20248,-0.18006,0.1846,0.081808,-0.35678,-0.060799,-0.0039083,-0.079461,-0.028474,-0.055828,0.19565,-0.096717,0.09731,0.18233,-0.01347,0.0083027,0.00052373,0.11201,0.13787,-0.11299,0.0079443,-0.65532,-0.018944,-0.60943,0.034458,0.13103,-0.017463,0.046364,0.015827,0.12938,0.090675,-0.023016,-0.11667,-0.0057276,-0.0080335,0.00084536,-0.089179,-0.22661,0.0728,0.054004,-0.029503,0.020529,0.12598,0.067929,-0.10963,-0.082968,-0.043042,-0.092606,0.019558,0.057956,-0.016588,0.1514,0.11656,-0.27433
-0.24869,0.23948,-0.067438,0.22605,0.0054663,-0.15306,-0.10335,0.011504,-0.29373,0.052583,0.13177,0.19066,-0.0068979,0.16734,0.36905,0.045099,0.013191,-0.017119,-0.0041022,-0.051271,-0.29948,-0.045407,-0.5189,-0.14879,-0.66041,-0.025587,0.11298,0.015859,0.073358,-0.010791,0.12151,-3.3331e-05,-0.0064288,-0.11906,0.017046,0.0045305,-0.039281,0.02763,-0.18598,0.17155,-0.019246,0.062749,-0.060919,0.062898,-0.064283,-0.072478,0.021054,-0.031013,-0.060463,0.05585,-0.050568,0.041784,0.054239,0.027089,-0.27535
0.04372,0.19876,0.071145,0.065582,0.27748,-0.11891,0.043373,-0.10001,-0.35274,-0.037798,-0.22152,0.080682,0.22945,-0.072543,0.24988,0.1531,0.020128,0.10041,-0.12317,-0.22624,-0.26724,-0.037426,-0.4894,-0.096623,-0.7326,-0.11242,-0.002736,0.009538,-0.02066,-0.18707,-0.0048638,-0.033715,0.18933,-0.11728,0.0016868,-0.14484,-0.090511,0.013206,-0.27554,0.15625,-0.061352,-0.050877,-0.065337,0.036807,-0.15084,-0.11787,0.068015,-0.059021,-0.0093754,-0.044126,0.014958,-0.13287,-0.0026185,0.088902,-0.21267
0.44709,0.21989,0.2009,0.0024968,0.1897,-0.12631,-0.034667,0.033125,-0.08811,0.11163,-0.060847,0.076454,0.32111,-0.13213,-0.21317,-0.040529,-0.087518,0.027218,-0.12017,-0.23996,-0.41615,-0.019017,-0.46037,-0.063044,-0.37383,0.032073,-0.18203,-0.016141,0.035465,0.058551,-0.041593,-0.092626,0.17477,-0.12799,-0.054852,-0.21536,-0.029558,0.056847,-0.16211,-0.016333,0.022279,7.7276e-05,0.0050108,-0.10023,-0.11515,-0.068469,0.14975,-0.15156,-0.01914,-0.059649,-0.063559,-0.054065,-0.020994,0.033922,-0.20175
0.83977,0.24269,0.11411,-0.091201,0.094532,-0.444,0.11574,0.20507,0.12345,0.083341,-0.07317,-0.0035059,0.24396,-0.07781,-0.1779,0.12791,0.14582,0.014336,-0.054841,-0.042765,-0.16291,-0.041962,-0.51102,-0.13057,-0.27457,-0.068546,-0.23569,-0.060798,0.017382,-0.10952,0.011384,-0.012621,0.1771,-0.18005,-0.087118,-0.1525,0.020687,-0.017843,-0.095623,-0.17552,-0.0080002,-0.14998,-0.0028232,-0.058531,-0.022649,-0.062413,0.1055,-0.10673,-0.065158,-0.0080802,0.048039,-0.069722,0.078091,0.21041,-0.15
0.59055,0.14761,0.017792,0.11228,-0.15249,-0.45418,0.068034,-0.017078,-0.0049304,0.057122,0.22558,-0.04845,-0.095178,0.26379,-0.23214,-0.050123,0.19075,-0.087792,-0.06493,-0.05373,0.28753,-0.052625,-0.3373,-0.078904,-0.20543,0.023602,-0.078939,-0.14931,0.029975,-0.083056,0.093675,-0.030857,0.091419,-0.017398,-0.032904,-0.04643,0.027068,0.028837,0.19906,-0.020557,0.037845,0.044786,0.094265,0.014887,-0.025674,0.016363,0.064381,-0.092966,-0.093188,0.050898,-0.12334,0.06368,0.072675,0.021732,-0.17432
-0.051555,0.0091227,0.093887,0.012623,0.06202,-0.21541,0.11142,-0.02022,-0.28598,0.025347,0.17216,0.028216,-0.13092,0.15301,-0.044531,0.048952,0.10983,-0.18832,-0.085222,-0.034269,0.1253,0.078028,-0.48238,-0.015371,-0.61529,0.15233,0.17606,-0.073395,0.1672,-0.12217,0.021101,0.027479,-0.010849,0.02397,-0.079635,0.061829,0.072362,0.016903,0.22521,-0.098972,0.022773,-0.055707,-0.01461,0.0086833,0.035007,-0.0063256,0.00014048,-0.033043,0.018292,0.0069783,-0.025317,-0.0050237,-0.045799,0.16308,-0.12859
-0.085823,0.059648,0.20447,0.0094202,0.061727,-0.12169,0.078193,0.072478,-0.35985,0.062871,0.040027,-0.010991,-0.16381,0.036349,0.15494,0.11609,0.097442,-0.11206,-0.075724,0.021523,0.22972,0.15549,-0.58373,-0.027447,-0.65832,0.15473,0.23194,-0.038104,0.15112,-0.12497,-0.14161,0.04245,0.028101,0.023002,0.014359,0.23466,0.10781,-0.022622,0.10873,0.03512,-0.00016006,0.033657,0.026622,-0.050778,-0.024439,-0.071945,-0.037134,-0.10455,-0.032222,0.0037618,0.17755,0.023788,-0.12727,0.12199,-0.19756
0.21708,0.099687,0.16774,0.068958,0.28425,-0.2875,-0.46906,-0.028403,-0.20031,0.1572,-0.50461,-0.083861,0.091338,0.046107,0.27206,0.30944,-0.11913,-0.12675,0.010229,0.11609,-0.043772,0.023809,-0.60701,-0.1755,-0.54982,-0.057155,0.11093,-0.041043,0.12452,0.035929,-0.080433,0.048832,0.11512,0.049616,0.0027491,0.34303,0.02876,-0.086443,-0.23981,-0.043606,-0.068276,0.034621,0.062294,-0.062437,-0.083103,-0.072054,0.035615,-0.05479,-0.097095,-0.042524,0.12333,0.0010939,-0.14382,0.077548,-0.25005
0.4112,0.32197,-0.028939,-0.078678,0.16867,-0.31323,-0.074656,0.026179,-0.20834,-0.10899,-0.061476,-0.041052,0.051611,-0.23417,0.059387,0.077706,-0.019578,-0.17667,-0.040873,-0.093148,0.014427,0.018264,-0.46933,-0.022464,-0.3479,-0.085545,-0.046446,-0.017056,-0.0012907,0.058269,0.0029531,0.052708,0.18596,-0.03194,0.074684,0.12886,-0.017429,-0.087538,-0.15288,-0.11298,-0.083761,0.12462,0.19792,0.029201,-0.14638,0.087836,0.068919,-0.083005,0.013565,-0.048922,0.11752,0.045589,-0.053599,-0.054314,-0.27587
0.29583,0.37309,-0.12154,-0.1794,0.090481,-0.32029,0.079052,0.20307,-0.098392,-0.08597,0.26257,-0.069762,-0.093844,-0.39685,-0.013253,-0.010818,-0.0025695,-0.21964,-0.13182,-0.24592,0.059284,0.034463,-0.52531,-0.028669,-0.35495,0.16852,0.091979,-0.038874,-0.039784,-0.04719,0.067412,0.061477,0.12959,-0.10313,0.099262,-0.11039,0.048647,-0.042967,-0.10866,0.18843,-0.040871,0.1526,0.016337,0.058394,-0.072435,0.15601,-0.024801,-0.089504,0.032032,0.041808,0.064672,0.012477,-0.052595,0.005491,-0.24386
0.36255,0.17551,0.13849,0.072081,0.23257,-0.28085,-0.053959,0.096832,0.033707,0.23819,-0.10875,-0.15436,-0.011591,-0.25224,-0.074712,0.089468,0.046917,-0.03464,-0.1416,-0.1068,-0.15205,0.013264,-0.49962,0.0016966,-0.43765,0.13531,0.040385,-0.057477,-0.10142,-0.10158,0.0022607,0.033788,-0.029719,-0.024964,0.063996,-0.12626,0.085747,-0.057266,-0.13353,0.28618,0.0075978,-0.058544,-0.2186,0.07838,-0.028731,0.076807,-0.0018792,0.0016824,0.020371,-0.0075893,-0.09027,0.099636,-0.051882,0.10405,-0.17975
0.16496,0.12223,0.18729,0.13632,0.4066,-0.26752,0.20009,0.072318,-0.11085,0.11301,-0.088707,-0.18652,-0.014193,-0.058201,0.077036,0.22001,0.04099,-0.15024,0.027166,0.14448,-0.20888,0.038374,-0.5787,0.0049009,-0.59905,-0.012421,0.13006,0.029375,-0.10673,-0.15798,0.091418,-0.074849,-0.055942,0.00055934,0.023717,-0.092275,0.1231,0.090941,-0.2396,0.10168,-0.02471,0.034374,0.0041075,0.19361,-0.010408,-0.030126,0.10055,0.04213,0.056459,-0.019367,-0.024257,0.1629,-0.012874,0.069189,-0.20586
0.10374,0.16673,0.3509,0.088794,0.2423,-0.10999,0.12161,0.13579,-0.37375,0.18548,0.2476,-0.06899,-0.0089469,0.088893,0.18419,0.094661,-0.02882,-0.13807,0.048177,0.045598,-0.30304,0.005227,-0.57786,0.0040113,-0.43266,-0.041857,0.12087,-0.0068048,-0.0054093,-0.10876,0.11366,-0.10834,-0.27243,-0.14063,-0.034021,-0.1643,0.10038,0.060712,-0.032018,-0.13597,0.021035,0.14394,-0.17376,0.12918,-0.078596,0.0082617,0.12152,-0.025876,0.089618,0.0024498,-0.085096,-0.017471,0.068928,0.0030781,-0.21111
0.34914,0.17741,0.35347,0.03465,0.18978,-0.1693,0.19869,0.11206,-0.26428,0.21226,-0.28776,-0.18275,0.10078,0.13795,0.014484,0.17985,0.022509,-0.034022,-0.094212,0.025848,-0.19812,0.0049517,-0.41041,-0.027042,-0.49897,-0.016878,0.068234,0.022855,0.076645,-0.053339,0.17674,-0.090507,-0.17829,-0.11932,-0.074234,-0.1415,0.0056803,-0.056314,0.090885,-0.055561,-0.021255,-0.050993,-0.37628,0.03049,-0.22793,-0.022283,0.10974,-0.097977,0.043964,-0.048557,0.068412,-0.055342,-0.050173,0.038396,-0.19223
0.59656,0.25332,0.2188,-0.013494,0.097801,-0.34307,0.16592,0.030904,-0.14188,0.025971,-0.17961,-0.078637,0.15036,0.20093,-0.0086054,0.074072,-0.028393,-0.036065,-0.087091,-0.03896,-0.062933,0.070596,-0.46702,-0.14136,-0.34744,-0.046425,-0.042151,-0.037045,0.086605,-0.030954,0.13761,-0.034976,-0.097897,-0.15534,-0.019011,-0.058143,-0.042706,-0.12906,0.10721,-0.10962,0.0043799,-0.26856,-0.12586,-0.13246,-0.26673,-0.063367,0.13116,-0.13291,0.061371,-0.0089618,0.24742,0.057482,-0.034008,0.03165,-0.22097
0.53377,0.30641,0.047069,-0.14756,-0.12406,-0.38138,0.12382,0.045002,-0.025167,-0.053157,0.1071,0.14903,0.037396,0.081373,-0.2494,-0.021451,-0.031492,-0.15613,-0.072856,0.083839,-0.1628,0.14604,-0.36321,-0.13029,-0.23369,0.012106,-0.0492,-0.089798,0.1357,-0.14022,0.11904,-0.066518,-0.095848,-0.12249,-0.014205,0.042511,-0.0096617,0.056574,0.16219,-0.34259,-0.054468,-0.068604,-0.041762,-0.11672,-0.089749,0.0077349,0.0071359,-0.052947,0.061524,0.058518,0.19768,-0.16723,-0.064158,0.09102,-0.17819
0.44134,0.25056,-0.20901,-0.046521,0.064316,-0.41655,0.038069,0.10716,-0.19997,0.076078,0.14227,0.17218,-0.22577,0.02456,-0.15555,0.011263,-0.083087,-0.080107,-0.026716,-0.041837,0.04701,-0.0035465,-0.55201,-0.10903,-0.24879,0.12282,0.13922,-0.090363,0.14043,-0.017087,0.0051681,-0.075811,0.024749,-0.04537,0.043451,0.24949,0.018774,0.025843,0.25472,0.10872,-0.038103,-0.018551,-0.39149,-0.13045,-0.026701,0.014846,-0.11374,0.013104,0.093908,0.027742,0.09843,-0.11921,-0.034668,0.1456,-0.33985
0.32209,0.16409,-0.32631,-0.0044466,0.015021,-0.55515,-0.06529,0.044781,-0.086599,0.26457,0.1323,0.045443,-0.12946,-0.023694,-0.054686,0.23515,-0.029223,0.031725,0.12919,-0.020652,0.16606,-0.072243,-0.62724,0.0052781,-0.26684,0.24548,0.12512,-0.17729,0.098734,-0.12479,-0.076686,0.015385,0.065539,-0.074029,0.053938,0.25,0.013269,-0.008105,0.12861,0.21287,-0.011563,0.11609,-0.18108,-0.099919,0.025719,-0.05375,-0.11667,0.023907,-0.0053102,-0.037518,-0.03431,-0.10822,0.07003,-0.015042,-0.36004
0.036866,0.043852,-0.20969,-0.015388,0.1956,-0.41122,0.19807,0.02024,-0.2312,0.093853,-0.16822,0.033673,-0.066528,-0.21567,0.045339,0.18441,-0.09691,-0.015347,0.047378,-0.041945,0.083654,0.040577,-0.58746,-0.053898,-0.45312,0.054009,0.17498,-0.13128,0.057045,0.00080902,-0.14297,-0.010476,0.18804,0.030796,-0.035383,0.35902,0.0041657,0.18526,-0.15116,0.2879,-0.01465,-0.0052669,0.14937,0.058576,0.12374,0.032441,-0.01725,-0.041177,0.076585,-0.10871,-0.00092645,-0.24756,0.034622,0.04853,-0.20252
0.17571,0.1182,-0.078636,0.041855,0.29146,-0.52733,-0.0024452,0.10355,-0.36733,0.25988,-0.31476,-0.061711,0.10297,-0.082267,0.11025,0.35921,-0.033773,-0.0013508,0.06303,-0.065777,0.03735,-0.081482,-0.64129,0.013443,-0.38854,-0.041596,0.17636,-0.10917,0.016487,0.046516,-0.12761,0.0098343,0.042604,0.12737,-0.12058,0.093289,0.026205,0.070364,-0.31057,-0.18611,0.0020253,0.19396,0.28833,0.046952,0.014909,0.08317,0.062998,0.0069056,-0.053566,-0.10551,-0.15303,-0.19403,0.026471,0.037335,-0.28448
-0.040872,0.15277,0.10885,-0.1423,0.31362,-0.22751,0.16726,0.29256,-0.43265,0.14567,-0.17559,-0.080953,-0.090351,-0.2738,-0.079255,0.27353,0.036351,-0.16366,-0.0026002,-0.21905,0.23281,-0.086439,-0.57225,0.12074,-0.6357,0.079522,0.1869,-0.08507,0.0085213,-0.05668,-0.11397,-0.060892,-0.058833,-0.053144,-0.022521,-0.13972,-0.02488,0.098211,-0.20872,-0.33615,0.0020295,0.18191,0.27865,0.012374,0.014828,0.19873,0.098886,-0.093094,0.048438,-0.066111,-0.022934,-0.12871,-0.029168,-0.068758,-0.11146
-0.38084,0.2318,0.28824,-5.7661e-05,0.39073,-0.0023942,-0.013488,0.091001,-0.21965,-0.076137,0.13338,-0.0048164,-0.082525,-0.10314,0.18838,-0.046128,-0.085298,-0.35924,-0.16326,-0.21806,0.29815,-0.069061,-0.55432,0.02286,-0.84544,0.18785,0.10175,0.038679,-0.041864,0.11736,0.11002,0.026901,-0.064481,-0.051692,-0.099377,-0.28923,-0.045152,0.030039,-0.070688,-0.033407,-0.071372,0.028826,0.25772,-0.063554,-0.091223,0.2362,0.0047724,-0.17261,0.041768,0.038195,-0.013244,0.027507,-0.021779,0.016712,-0.16155
-0.13006,0.24861,0.35948,0.0071928,0.38339,0.039863,0.093998,0.17405,0.15369,-0.24897,-0.17687,0.089981,-0.042705,-0.19799,0.13896,-0.12833,0.053139,-0.40197,-0.11705,-0.053275,0.23972,-0.0084832,-0.46265,-0.010554,-0.94034,0.18053,-0.056647,0.042186,-0.16808,0.0082056,0.22212,0.011317,-0.02752,0.016283,-0.0062499,-0.1716,0.055449,0.11587,-0.19514,0.23617,-0.096506,-0.066431,0.32019,-0.097839,0.00051199,0.047375,-0.086076,-0.17824,0.0024127,0.049984,0.07169,0.064368,-0.11253,0.13121,-0.13609
0.45781,0.38916,0.30423,0.31791,0.20502,-0.052087,-0.011785,0.046503,-0.19952,-0.064978,-0.36589,0.088266,-0.071878,0.023362,0.047479,-0.21971,-0.10301,-0.31006,-0.20169,0.070431,0.028096,0.078975,-0.37505,-0.15193,-0.47254,-0.29366,-0.10919,0.012819,-0.1111,0.23114,0.40926,-0.044902,-0.033729,0.02121,-0.031117,0.14679,0.043849,0.062555,-0.22205,0.2624,-0.037531,-0.0051497,-0.18678,-0.096064,-0.020116,0.031877,-0.059713,-0.065105,0.092207,-0.093173,0.10828,0.19885,-0.26933,0.12687,-0.14435
0.8066,0.37791,-0.075643,0.23432,0.062024,-0.32986,-0.004549,0.037342,-0.2436,-0.13614,0.23736,0.028109,-0.14448,0.084435,0.1987,0.0060738,0.17795,-0.0050088,-0.07717,0.02031,0.07597,0.037699,-0.27427,-0.1535,-0.30121,-0.2011,-0.09037,-0.048604,-0.11346,-0.028116,0.19528,0.0092425,-0.068169,-0.1568,0.045884,0.11164,0.079956,-0.00058584,-0.41354,0.1378,-0.0036675,0.053228,-0.19771,-0.01903,0.024586,-0.12889,0.090292,-0.084617,0.14924,-0.084092,0.26785,0.05594,-0.15047,0.083236,-0.11064
0.7258,0.41003,-0.11369,0.07656,-0.21415,-0.24386,0.21666,0.10448,-0.050578,-0.18433,0.41061,0.067482,-0.19884,0.05365,0.068777,-0.03914,-0.10612,0.14026,-0.089637,-0.013938,-0.16326,0.18409,-0.48851,-0.12151,-0.27583,0.23894,0.012658,-0.029773,-0.062337,0.06297,0.11692,0.011824,-0.057949,-0.084003,0.013876,-0.2045,0.089666,-0.031498,-0.15071,0.13258,0.099074,0.033569,-0.12528,0.088159,0.015164,-0.20086,0.19157,-0.071435,0.16233,-0.065962,0.20726,0.19826,-0.022004,0.073968,-0.24016
0.35533,0.24701,-0.004944,0.1542,-0.02702,-0.26066,0.1485,0.090635,-0.13116,-0.058671,0.084608,0.098564,-0.16676,0.13463,0.11094,0.037184,-0.082585,0.14329,-0.0347,0.11071,-0.28703,0.15626,-0.69399,-0.1568,-0.24996,0.1057,0.19293,-0.00080225,0.032484,0.09802,0.035962,0.0063594,0.13558,-0.047451,0.023824,-0.29611,0.022025,0.019465,-0.056778,0.22264,0.016706,-0.030901,-0.084492,0.12576,-0.076042,-0.13199,0.1445,-0.070786,0.11606,0.063764,-0.016978,0.024549,0.042169,0.089041,-0.29518
0.329,0.086433,0.1507,-0.039981,-0.10067,-0.26669,0.064414,-0.049457,-0.0094848,0.20501,-0.44571,-0.041379,-0.15604,0.22252,-0.24511,0.10379,-0.013852,0.17512,0.014717,0.28659,-0.22007,0.091042,-0.49535,-0.050389,-0.32964,-0.042312,0.19964,-0.057837,0.054861,0.058131,0.12039,-0.021821,0.08005,0.0041384,0.03595,-0.28067,-0.061794,0.061254,0.21429,0.048782,-0.017616,-0.057641,-0.11226,0.10355,-0.15505,0.033059,0.24055,-0.075254,0.005318,-0.047527,-0.029834,0.052764,0.017171,0.063444,-0.27688
0.21117,-0.010084,0.25274,-0.13489,0.013113,-0.1391,0.1067,0.015233,-0.15009,0.055977,-0.033024,0.098875,-0.092892,0.099026,-0.26376,0.051273,-0.16869,0.073145,0.123,0.15142,-0.37159,-0.0010897,-0.66748,0.028802,-0.35723,0.0041949,0.12451,-0.037098,0.11148,-0.021255,0.094799,-0.10821,0.13557,-0.14238,0.03872,-0.060325,-0.039328,0.095305,0.28919,-0.2334,-0.062517,-0.0045586,-0.28691,0.019247,-0.13498,-0.064727,0.031584,-0.098791,0.024946,-0.054346,-0.1514,-0.018219,0.080624,0.12106,-0.28961
0.097316,-0.065514,0.36823,-0.11315,-0.0096424,-0.1383,0.10976,0.14101,-0.13353,-0.059275,0.10561,-0.0329,0.060797,-0.0032631,-0.1394,-0.025315,-0.03586,-0.05574,0.042111,-0.03376,-0.20035,-0.097413,-0.58076,-0.034479,-0.57037,0.057337,0.078436,-0.087753,0.068034,-0.10712,0.14228,-0.058289,0.15095,-0.27784,0.053151,0.29204,0.051271,0.060438,0.17552,-0.22917,-0.043624,-0.028026,-0.18553,-0.14442,-0.086576,-0.041774,-0.062442,-0.13691,0.013855,-0.029388,0.042216,-0.070291,0.035054,0.16387,-0.17383
0.36758,0.028488,0.15389,-0.11034,0.17443,-0.327,0.14304,0.1178,-0.24403,0.010006,-0.064108,-0.058276,0.16535,-0.09416,0.0923,0.039445,0.051512,0.031103,0.08535,-0.099981,-0.13086,-0.096033,-0.59261,0.041765,-0.27097,0.017974,0.026792,-0.14418,0.055126,0.038435,0.028375,-0.072937,0.18721,-0.17393,0.055034,0.48019,0.014562,0.0064058,-0.019587,-0.093937,-0.033796,0.034222,-0.30171,-0.21745,-0.052207,-0.2348,-0.020204,-0.053091,-0.070622,-0.0093711,0.057223,-0.10494,0.0065155,0.029786,-0.30014
0.36208,0.077587,0.21146,0.048519,0.15452,-0.24254,0.013966,-0.14256,-0.30445,0.15756,0.067214,-0.077708,0.15399,-0.001761,0.18824,-0.0048907,-0.082177,-0.021673,0.029306,0.014472,0.011114,0.0059435,-0.43451,-0.043167,-0.19246,0.073649,0.029511,-0.14202,0.075566,0.22868,0.12531,0.0010587,0.10377,0.0041476,-0.060868,0.29839,0.058011,0.011433,-0.076638,-0.17467,0.037447,0.056287,-0.24797,-0.17466,0.019278,-0.021787,0.17635,0.032512,-0.048306,-0.0014835,0.15674,-0.15209,-0.029178,-0.12909,-0.19465
0.25015,0.1777,0.10834,0.19775,0.24393,-0.32003,-0.035279,0.039836,-0.29127,0.18289,0.033078,0.0095508,0.080059,0.0099974,0.047394,0.18981,0.014495,0.015753,-0.098273,-0.11364,0.16078,0.10498,-0.52695,-0.008323,-0.38455,0.1211,0.14238,-0.08535,0.085287,0.068412,-0.072467,0.038498,-0.00039171,0.075658,-0.12737,-0.067429,0.14567,-0.093297,0.013188,0.081306,0.031981,0.025165,0.13735,0.035631,-0.01035,0.18101,0.096412,0.059989,-0.067087,0.084459,0.083928,-0.10657,-0.047183,-0.035504,-0.23768
0.029757,0.21049,0.10882,0.18762,0.32729,-0.23712,0.075829,0.022161,-0.1716,0.046417,-0.11362,-0.019582,0.053229,0.021636,-0.1843,0.12601,-0.18252,-0.079651,-0.19388,-0.21039,0.20973,0.15486,-0.57468,0.054462,-0.5162,0.25303,0.20358,-0.052092,0.076348,0.097336,-0.020822,0.027606,0.010863,0.030579,-0.10846,-0.22797,0.11855,-0.082238,0.18592,0.20995,0.060592,0.248,0.29561,0.058391,-0.01611,0.34795,0.11132,-0.00092259,-0.012136,-0.0031403,-0.0042675,-0.17501,-0.099963,0.015084,-0.25322
0.0036301,0.22385,-0.019511,0.1749,0.31616,-0.25153,-0.093072,-0.082529,-0.20106,0.15446,-0.3543,0.0021803,-0.01875,0.059398,-0.087265,0.12087,-0.17546,-0.20188,-0.041472,0.044669,0.1265,0.102,-0.49682,0.0090081,-0.36245,-0.02696,0.094714,2.8716e-05,0.058886,0.13686,0.088222,0.03344,0.011512,-0.011784,-0.097196,-0.082665,-0.01802,-0.039591,0.0075937,0.18942,-0.059689,0.24588,0.11489,0.069031,-0.09849,0.17397,-0.079763,-0.09185,-0.073729,-0.11782,-0.1124,-0.18172,-0.093852,0.085395,-0.26396
0.022661,0.33153,-0.046285,-0.055482,0.36416,-0.24993,-0.061019,0.085155,-0.31031,0.045849,-0.017139,0.070786,-0.21233,-0.13667,0.10898,0.11619,-0.15665,-0.23641,0.055911,0.021762,0.036362,0.049442,-0.55186,-0.075195,-0.44211,-0.046302,0.015428,0.011873,0.036552,-0.051585,0.050556,0.014186,-0.010821,-0.076142,0.03234,0.14884,-0.019144,0.0050055,-0.23632,-0.039838,-0.033197,-0.042244,0.20607,0.038108,-0.064856,-0.0064181,-0.14574,-0.17659,0.024515,-0.16354,-0.098137,-0.0099391,-0.059618,0.10278,-0.25369
0.15344,0.33224,-0.045355,0.12021,0.12437,-0.29061,-0.15936,-0.076979,-0.11557,-0.14012,0.10146,0.073898,-0.16792,-0.044326,0.17658,-0.010262,-0.17607,-0.14833,-0.019037,-0.089313,0.00056645,0.04719,-0.52397,-0.10659,-0.44684,0.17126,0.018893,-0.014773,-0.07207,0.064353,0.11898,-0.05903,0.12047,-0.0013899,0.044408,0.24612,-0.039012,0.064454,-0.41887,-0.14169,-0.089726,-0.012612,0.14279,0.048879,-0.11123,-0.014837,-0.040257,-0.10949,-0.068211,-0.048078,-0.17095,-0.060032,-0.096697,0.15787,-0.22718
0.14448,0.38597,-0.087586,0.091627,-0.047676,-0.29912,0.25084,0.19229,-0.096873,-0.23325,-0.07067,-0.030146,-0.16186,-0.17998,0.11128,-0.071202,-0.11969,-0.14961,-0.13746,-0.077178,0.030342,-0.034021,-0.475,-0.10642,-0.39296,0.0036254,0.071142,-0.055875,-0.038926,0.08517,-0.0301,-0.079225,0.10688,-0.081555,0.14531,0.10532,0.0012879,-0.063441,-0.41582,-0.011928,-0.07271,0.056177,0.051803,-0.0025153,-0.060787,-0.050709,0.050617,-0.15071,0.059516,0.072176,0.12294,-0.047435,-0.039105,0.024947,-0.15265
0.19183,0.30142,-0.014608,0.019114,-0.18842,-0.38935,0.12789,0.070154,0.019935,0.10751,0.11923,-0.11403,-0.058417,-0.017495,0.14479,-0.067429,-0.020348,-0.005573,-0.13419,-0.10544,-0.1046,-0.099775,-0.48421,-0.097417,-0.55982,0.10044,0.056806,-0.07661,-0.053144,0.0090049,-0.11118,-0.001072,-0.10627,-0.11701,0.08758,-0.32793,0.057619,-0.076572,-0.21301,0.06285,-0.0019504,-0.05551,-0.060393,0.020675,-0.045415,0.0484,0.13847,-0.036775,0.039938,0.033276,0.14059,0.12082,0.069577,0.079594,-0.24026
-0.12837,0.17825,-0.13045,0.17248,0.0094747,-0.43104,0.078301,0.053782,0.057421,-0.0056547,0.0019334,-0.12229,0.087636,0.080715,0.037491,0.040559,-0.18527,-0.12811,-0.060408,-0.086569,-0.20272,-0.12339,-0.48039,-0.1273,-0.54066,0.025564,0.098829,-0.039494,-0.034999,0.01289,-0.025292,0.03872,-0.023119,-0.0036477,-0.046891,-0.45353,0.093649,-0.054152,-0.20193,0.10568,0.048301,-0.087154,0.27975,0.050794,0.015612,-0.02153,0.22268,0.021581,0.017203,0.1153,-0.030922,0.13728,0.12734,0.10124,-0.13263
0.095745,-0.056868,-0.089972,0.18666,0.26519,-0.44242,0.00025278,0.12577,-0.23952,-0.095158,-0.21168,-0.0033708,0.14782,0.22447,0.030639,0.17775,0.050325,-0.17326,0.00666,-0.018392,-0.13369,-0.082344,-0.66618,-0.095367,-0.52819,-0.18681,0.066007,0.0019949,0.060179,-0.08174,0.065301,0.04528,-0.042332,-0.019179,-0.18411,-0.30184,0.097563,-0.070773,-0.075383,0.32114,0.022793,-0.096961,0.0092745,0.0096085,-0.065815,-0.060995,0.22826,-0.049042,0.065207,-0.045501,-0.040466,0.00068159,0.102,0.15013,-0.1476
0.34041,-0.10097,0.054954,0.016699,0.21315,-0.30693,0.023817,0.0082622,-0.13536,-0.1989,-0.012072,0.034536,0.13752,0.20626,-0.12603,0.062799,-0.054271,-0.17002,0.033638,0.027142,-0.022114,0.056936,-0.60935,0.034744,-0.56008,-0.020073,-0.0158,0.0078784,0.045988,-0.014246,0.11377,-0.041426,0.02694,-0.091605,-0.10965,-0.11447,0.020239,0.065972,0.094887,0.045582,-0.040702,0.11856,-0.08937,-0.010617,-0.038266,-0.17615,0.11516,-0.076818,0.018964,-0.074135,-0.030539,0.10702,0.067701,0.13386,-0.25071
0.3474,0.043079,0.20935,-0.0028043,0.31419,-0.28415,-0.0993,0.0024066,-0.063269,-0.13433,0.12196,0.063645,0.22876,0.09938,-0.0094699,0.0099524,-0.055796,-0.039482,-0.038672,0.065128,-0.055476,0.087243,-0.46711,0.0074353,-0.74411,0.060564,-0.1676,0.013166,0.08189,-0.044069,0.09529,0.0092597,0.058075,-0.12828,-0.12425,0.13844,-0.0071939,0.020551,0.19294,-0.3361,-0.061188,-0.057125,-0.13585,-0.0038119,-0.067192,-0.19696,0.090004,-0.065513,0.010029,-0.1224,0.054775,0.27541,0.008169,0.15972,-0.21471
0.37326,0.21075,0.17565,-0.11397,0.12055,-0.19664,-0.1422,0.11643,-0.19837,-0.10348,0.07263,0.094902,0.10405,-0.1139,0.14502,-0.0075753,0.10283,-0.00034931,-0.095773,-0.023042,0.015894,0.083475,-0.25626,0.031357,-0.52629,-0.010809,-0.13143,-0.06173,0.088062,-0.092875,-0.023122,-0.019523,0.095808,-0.11966,0.049377,0.26652,-0.045259,-0.021577,0.16798,-0.18763,-0.0050613,0.11445,-0.097526,-0.10457,-0.096618,-0.20483,0.10508,-0.15669,0.082794,0.063643,0.052964,0.081588,-0.051874,0.048433,-0.20064
0.56727,0.37154,0.070423,-0.090548,0.22364,-0.16787,-0.27218,0.032249,-0.23472,-0.072201,-0.090454,0.0216,-0.04538,-0.16535,0.21315,0.10202,-0.28051,-0.0044576,-0.20033,-0.092919,-0.010382,0.14617,-0.34048,-0.15741,-0.47921,-0.047197,0.068119,0.0013271,0.13493,0.01432,0.074452,-0.0532,0.134,-0.019631,-0.09351,0.2707,-0.070906,0.043188,0.132,0.0051884,-0.058965,-0.0339,-0.29004,-0.0094556,-0.088078,-0.054144,0.060699,-0.053639,-3.6294e-05,0.10046,0.047603,-0.0079355,-0.22484,0.040427,-0.26486
0.72196,0.45562,0.054056,-0.064414,0.10591,-0.1867,0.069361,0.14826,-0.37648,0.087057,0.1258,-0.047345,-0.14616,-0.25024,0.088862,0.2027,-0.077631,0.12662,-0.17881,-0.1867,-0.013711,0.13327,-0.47623,-0.10328,-0.44244,0.093907,0.11552,-0.031671,0.02347,-0.076321,-0.085969,-0.073754,0.1406,-0.0010994,0.03035,0.1489,0.0020225,-0.01079,-0.0013344,0.060905,-0.023837,-0.10365,-0.26945,0.0044769,-0.14471,0.022795,0.04518,-0.019142,0.027041,0.041497,0.14055,0.044856,-0.1939,0.064585,-0.29756
0.71749,0.5093,-0.080753,-0.15527,-0.25543,-0.3587,0.17721,0.15273,-0.016778,0.061891,-0.080924,-0.0069707,-0.074617,-0.18801,-0.28745,0.12218,-0.11828,-0.060705,-0.074189,0.035087,-0.15681,0.021708,-0.40062,0.026631,-0.2287,0.098909,0.026416,-0.16665,-0.01795,-0.046543,-0.017009,-0.096474,-0.063606,0.028815,0.10021,0.0076271,0.07281,0.071286,-0.035397,0.095877,0.0037607,0.27315,-0.086069,0.076278,-0.025455,0.1641,0.16552,-0.012308,0.040878,-0.064765,-0.0067192,-0.0091221,-0.10484,0.022351,-0.31865
0.58802,0.27207,0.18312,0.014666,-0.19445,-0.24313,0.040595,0.14404,-0.2551,0.31651,-0.062004,-0.01054,-0.058472,-0.1253,-0.10004,0.31042,0.20035,-0.066644,0.077813,0.074355,-0.3089,-0.08177,-0.56339,0.06831,-0.2611,0.10967,0.13164,-0.12703,-0.00044693,-0.0044879,-0.028404,-0.081739,-0.043343,0.059575,-0.0038647,-0.13367,0.075498,-0.056929,-0.012188,0.030237,-0.0010017,-0.017253,-0.094563,0.13597,-0.13595,0.11008,0.013683,0.077862,0.015149,0.011838,-0.097302,-0.12218,0.090161,-0.031575,-0.31523
0.1826,0.050772,0.35725,0.001021,-0.21,-0.18237,0.072527,0.068001,-0.28327,0.38324,0.14984,-0.12621,-0.12875,0.059644,0.10017,0.31714,-0.064244,-0.059833,0.11563,0.01877,-0.031526,-0.029181,-0.67477,0.025505,-0.29095,0.1568,0.28939,-0.1199,-0.046759,-0.051728,0.10842,-0.063063,-0.17924,-0.088644,-0.040117,-0.28032,0.089269,-0.023651,0.092895,-0.013647,0.034644,0.11938,0.028383,0.045395,-0.15711,0.094083,0.087292,0.039926,-0.0048601,0.061178,-0.09763,-0.092494,0.16684,-0.021243,-0.24503
0.098389,-0.24486,0.17136,0.062689,0.31935,-0.32867,0.14836,-0.0066162,-0.22335,0.13023,-0.28429,0.012474,0.076013,0.098951,0.11242,0.24621,-0.092162,-0.14323,0.079257,-0.055978,-0.10935,0.0084248,-0.72544,-0.12878,-0.41184,0.099309,0.25094,-0.087419,-0.0053512,-0.065001,0.0022187,-0.082986,-0.15287,-0.10626,-0.037034,-0.035117,0.088112,0.069078,-0.087023,0.018049,-0.036634,-0.0028832,-0.051111,0.053065,-0.15304,0.076124,0.23051,-0.044895,0.019068,-0.066194,-0.05348,-0.22543,-0.010135,0.037201,-0.1503
0.23214,-0.089814,0.029869,-0.0055664,0.40771,-0.57485,0.16002,0.16971,-0.16564,0.12999,-0.41658,-0.080008,0.22503,0.13775,-0.026069,0.19052,0.0063163,-0.16563,0.069912,0.084399,-0.14963,-0.0043885,-0.6149,-0.17289,-0.2853,-0.19397,0.06961,-0.02376,0.09932,0.027822,-0.015919,0.016401,-0.21186,-0.14182,-0.039595,0.021811,0.097137,-0.065578,-0.022988,-0.13964,0.023787,0.034109,0.083413,-0.067078,-0.076455,0.0053845,0.1155,-0.10032,0.035311,-0.075689,0.15552,-0.14772,-0.013254,0.098446,-0.15817
0.058573,0.15584,-0.2225,-0.0084892,0.32407,-0.54984,0.12591,0.21194,-0.033513,0.0025787,0.20076,0.13886,0.073096,0.10863,-0.23546,0.00012065,0.053378,-0.201,-0.065545,-0.10107,0.046747,0.032726,-0.45395,-0.07627,-0.4617,0.13212,0.037334,-0.047264,0.051783,0.12413,0.069321,-0.001029,-0.077372,-0.087768,-0.070359,0.07148,0.0075935,0.014088,0.18105,-0.23782,-0.0050163,0.087107,0.1922,-0.12735,0.010853,0.086939,0.017931,-0.097852,0.014199,0.012685,0.13444,0.042547,-0.07945,0.0031133,-0.20688
-0.25285,0.18674,-0.18577,-0.043642,0.35808,-0.40114,-0.072647,-0.061236,-0.30123,-0.019539,0.050362,0.019985,-0.1555,0.036222,0.039578,0.14311,-0.022814,-0.18764,-0.083644,-0.021128,0.23541,0.12513,-0.31129,-0.011103,-0.64869,0.12802,0.10311,0.011894,0.040894,-0.10398,0.11808,0.095507,-0.040213,0.031529,-0.012242,0.132,-0.07855,-0.051753,0.14557,0.046427,0.040016,0.068593,0.13459,-0.24617,-0.077981,0.082355,0.049125,-0.12501,0.06822,-0.0027071,0.027719,-0.0064847,-0.08525,0.0063642,-0.13292
0.018253,0.2292,-0.053876,-0.11345,0.379,-0.2239,-0.040672,0.056737,-0.28233,-0.017204,-0.09234,0.15688,-0.21489,-0.16006,0.12118,0.057325,-0.13277,-0.048288,-0.077186,-0.05215,0.17,0.16017,-0.44861,-0.026416,-0.76223,0.1337,0.092466,-0.010769,0.0017535,-0.022528,-0.082791,0.056728,0.11559,-0.0051382,0.060388,0.26422,-0.028253,-0.027454,-0.078123,0.21455,-0.0010749,-0.12717,0.0017131,-0.12462,-0.01666,-0.021717,-0.068781,-0.13853,0.090988,-0.065957,0.053348,0.013586,-0.13015,0.13329,-0.20748
0.34256,0.36704,0.17492,-0.16575,0.25878,-0.15546,0.0033169,0.043189,-0.19651,-0.053176,-0.087461,0.012143,-0.20622,-0.035403,0.15001,0.090359,-0.17093,-0.029892,0.010763,0.037703,0.10913,0.15147,-0.54839,0.051651,-0.72037,0.069656,0.0086262,-0.022108,-0.01185,0.058632,0.013743,0.010377,0.11369,-0.087771,0.13964,0.20643,0.068134,0.031903,-0.20639,-0.049251,-0.024363,-0.013366,-0.18283,0.076923,0.0019355,0.12134,0.10052,-0.027079,0.0096003,-0.14232,0.0067381,0.035731,-0.056569,0.14406,-0.23947
0.51631,0.36545,0.22325,-0.034,0.0021006,-0.17631,0.090457,0.067872,-0.28552,-0.063294,0.14321,-0.079758,0.0035882,-0.0037821,0.057048,0.14912,-0.059133,-0.032794,-0.11382,-0.18005,0.0015861,-0.089942,-0.37251,0.03902,-0.60024,-0.032181,0.016634,-0.067669,-0.0072437,-0.046292,0.02015,0.036368,0.085465,-0.12622,0.10806,0.026495,0.080169,-0.040466,-0.14695,-0.14099,-0.086163,0.12852,-0.0028973,0.22432,-0.11999,0.11601,0.15278,0.035122,0.082108,-0.0841,0.014758,0.054611,-0.01733,0.028208,-0.23594
0.565,0.21247,0.32454,-0.077856,-0.034032,-0.16485,-0.047408,0.022465,-0.13207,-0.094155,-0.17359,-0.052927,0.17888,-0.017022,-0.093765,0.069486,-0.015102,0.001705,-0.20592,-0.32504,-0.10298,-0.10576,-0.43526,0.063424,-0.36875,-0.037998,0.033105,-0.094096,0.048271,0.023581,0.026878,0.040686,-0.03689,-0.16732,0.065884,-0.23311,0.10448,-0.052641,-0.026457,-0.023975,-0.056873,0.1112,-0.0085184,0.15174,-0.13176,0.13326,0.046295,-0.06035,0.085618,-0.0014921,-0.030642,-0.095749,-0.011698,-0.00053919,-0.20148
0.50319,0.22802,0.2325,0.07123,0.048547,-0.29083,0.06513,0.03075,-0.048893,-0.023371,0.033344,-0.10144,0.18186,-0.046857,-0.024495,0.07829,-0.19869,-0.019803,-0.13919,-0.14698,-0.31468,-0.060943,-0.56768,-0.13982,-0.28575,0.08059,0.097207,-0.026104,0.082111,0.056361,0.048535,0.0064716,-0.01558,-0.13577,0.010006,-0.17203,0.12107,0.015137,-0.038845,-0.15044,-0.076875,0.01084,-0.066956,0.063827,-0.04515,0.0050595,-0.015729,0.0010442,0.043324,0.062696,0.12689,-0.027535,-0.095296,0.060748,-0.19488
0.34225,0.17099,-0.052323,0.18341,0.37174,-0.56351,-0.053881,0.078113,-0.074319,0.056183,-0.0052716,-0.12088,0.036294,0.13567,-0.007569,0.36791,-0.084207,-0.050965,-0.018594,-0.03277,-0.17581,-0.092733,-0.66681,-0.15395,-0.35522,-0.012966,0.14615,-0.031267,0.078221,-0.14654,0.024905,0.059654,-0.18093,-0.10509,-0.0049333,0.0074574,0.11125,-0.00012965,-0.097154,0.1364,-0.078792,0.041875,-0.0699,-0.08506,0.015332,0.039659,-0.015639,-0.098632,0.075677,0.061977,0.11172,-0.063384,-0.11206,0.10803,-0.23087
0.23118,0.18398,-0.22364,0.2275,0.3177,-0.40993,0.026505,0.056822,-0.085256,-0.12716,0.06439,-0.063893,0.026704,0.034525,0.041414,0.11939,-0.050668,-0.18014,0.0579,0.15697,-0.31095,-0.031006,-0.58743,-0.11553,-0.39827,0.11786,0.074633,0.036785,0.059864,-0.046743,0.0615,-0.044525,-0.096391,0.020959,-0.04566,0.083778,0.070789,0.1312,0.0056322,0.14063,-0.10193,0.080109,0.013312,-0.090581,0.049687,0.0050408,-0.059073,-0.040066,-0.01345,0.069219,-0.04899,-0.1584,-0.087501,0.18233,-0.279
0.13983,0.24554,0.0019576,0.2115,0.096303,-0.3351,0.089793,0.094576,-0.35548,-0.065191,0.14639,-0.071686,-0.028092,0.03658,0.17731,0.2036,-0.10389,-0.10038,0.031925,0.14873,-0.05124,0.084017,-0.62183,-0.021017,-0.4997,0.12306,0.11797,-0.048236,0.067877,-0.053623,0.062523,-0.01556,0.0048898,0.0012742,-0.15607,0.013018,-0.034288,-0.060745,0.019106,0.26362,-0.020618,0.086719,-0.0031074,-0.1507,-0.081607,-0.063772,-0.020002,-0.062082,0.027829,0.0053068,-0.084487,-0.072856,0.014573,0.068697,-0.29478
0.43823,0.21317,0.0032805,-0.10542,0.10537,-0.51671,0.0015896,0.058344,-0.24434,0.20911,-0.38817,-0.079035,-0.029212,-0.11324,-0.03092,0.26474,-0.071899,0.04467,0.059534,0.1704,0.069231,0.17045,-0.44831,0.043751,-0.48061,-0.068524,-0.019434,-0.12636,-0.062588,-0.23608,0.077894,0.018658,-0.050815,-0.099575,-0.13563,0.076516,-0.091213,-0.14068,-0.103,-0.17786,0.052136,0.027803,-0.036361,-0.12509,-0.1155,0.085081,0.044727,-0.11751,-0.03506,-0.19429,-0.05356,0.055491,-0.026901,0.054744,-0.20142
0.15519,0.25233,-0.052197,-0.23083,0.071081,-0.27199,0.013285,0.19851,-0.10395,-0.18243,-0.21228,0.013184,0.0033412,-0.20065,-0.01248,0.10423,-0.15715,-0.2177,0.027001,0.055172,-0.090574,0.17237,-0.43999,-0.075849,-0.51597,0.015156,0.049444,-0.022208,-0.0099326,-0.033222,0.18233,-0.0054969,0.060404,0.0055426,-0.15143,0.025339,-0.11173,-0.036722,-0.13922,-0.26512,0.011871,0.048414,0.031431,0.023933,-0.097655,0.052223,0.065818,-0.13316,0.041266,-0.14349,0.077802,-0.051759,-0.0063295,0.022789,-0.15086
0.034789,0.13492,-0.042861,-0.23476,-0.15069,-0.19201,-0.1174,0.15427,-0.215,-0.090873,0.24837,0.092707,-0.17025,-0.11439,-0.13731,0.050756,-0.02642,-0.13355,-0.08444,-0.20049,0.071642,0.058319,-0.47143,-0.056233,-0.80869,0.11759,0.12068,-0.019597,-0.046818,-0.1346,0.18565,0.021472,0.014208,-0.12828,-0.036542,-0.10222,-0.023987,0.074359,-0.095254,-0.32833,-0.0019202,-0.033386,-0.032544,0.062754,-0.019982,0.061813,0.0082584,-0.090042,-0.00047162,-0.014021,0.12194,0.011734,0.01463,0.074716,-0.15318
0.025339,0.059872,0.2189,-0.12754,0.24083,-0.092913,0.39409,0.035512,-0.17455,-0.1308,-0.055419,0.12194,-0.19341,-0.056683,0.12233,-0.11973,0.037004,-0.050997,-0.085071,-0.19079,0.19478,-0.012023,-0.58529,-0.031429,-0.86038,0.17811,0.12519,-0.025298,-0.052342,-0.14731,0.20857,-0.077939,0.0056214,-0.082648,0.12721,0.019683,-0.023588,0.1418,-0.14103,0.1974,0.014505,-0.017957,-0.3233,0.024819,-0.021788,-0.045073,-0.046111,0.0024188,0.048772,-0.0067483,0.0389,-0.031761,-0.068365,0.071799,-0.20726
0.36743,0.17182,0.14146,0.15486,0.14561,-0.19698,-0.016093,-0.0053796,-0.15285,0.10826,-0.10163,0.14788,0.10532,0.089731,0.087661,0.10775,-0.072221,-0.022761,-0.12459,-0.055549,-0.23483,0.029966,-0.43367,-0.014146,-0.47164,0.015139,-0.071845,-0.082265,0.056119,-0.027148,0.051511,-0.048448,-0.064842,-0.035148,0.069719,0.082352,0.0866,0.072549,-0.17338,0.36248,0.03793,0.010236,0.045186,0.017852,-0.017305,-0.086587,0.044004,-0.0037004,0.055292,0.073688,0.097942,-0.025514,-0.094999,0.097764,-0.14053
0.71347,0.17989,0.096787,0.068768,0.15451,-0.25694,0.21963,0.002078,-0.2007,0.091256,0.069025,0.051209,-0.031728,0.073347,0.24047,0.15706,-0.11501,-0.028432,-0.012643,0.074118,-0.18465,0.10388,-0.4771,-0.15741,-0.42237,-0.073954,-0.062359,-0.011673,0.0775,-0.17607,-0.13679,-0.075613,-0.086127,-0.12049,0.12171,0.059344,0.18013,0.14234,-0.16229,0.27949,0.046066,-0.066883,0.0067964,0.039274,0.024324,0.032469,0.094334,0.05304,0.023544,0.0078227,0.11563,0.0087603,-0.070363,0.12808,-0.19659
0.68448,0.3405,0.10519,0.23508,-0.079863,-0.37123,0.12051,-0.03403,-0.076953,0.063406,0.17219,-0.058875,0.07656,0.18973,0.059922,0.30471,-0.18024,-0.067453,-0.055197,-0.036944,-0.10248,-0.11763,-0.49841,-0.066157,-0.20423,0.12318,0.010511,-0.075246,-0.014467,0.037411,0.099569,-0.049869,0.097515,0.098162,-0.02698,-0.23727,0.076274,-0.033732,-0.19603,0.069099,-0.01924,0.27694,0.17114,-0.1208,-0.13572,-0.18238,0.13327,-0.044446,-0.014082,0.0066823,0.070304,0.0084363,0.038785,-0.036095,-0.3234
0.55471,0.13431,-0.019991,-0.24731,0.2231,-0.42724,0.13317,0.15904,-0.23217,0.075104,-0.34141,-0.014351,-0.073991,-0.22804,-0.034556,0.23407,-0.017073,-0.05314,-0.017189,-0.0084408,-0.090397,-0.096226,-0.57007,-0.05653,-0.228,-0.10767,0.12368,-0.051896,0.022011,-0.10316,-0.16139,-0.11032,0.049349,-0.098716,-0.053939,-0.15088,-0.017376,0.0055246,-0.13565,0.0022608,-0.043137,-0.077865,-0.01445,-0.092187,-0.11054,-0.01681,0.10578,-0.19603,0.094801,-0.11461,0.085833,-0.089336,0.016952,0.078698,-0.19746
0.31095,0.091154,0.022533,-0.28147,0.16619,-0.41178,0.0033919,-0.0083495,-0.27348,0.050635,0.14523,-0.090017,-0.21058,-0.14127,-0.0075919,0.047222,-0.16716,-0.073782,0.026311,0.032069,0.23508,0.031342,-0.5069,-0.074587,-0.33123,0.079905,0.19081,-0.049946,-0.03607,-0.067014,-0.023806,-0.015475,0.031303,-0.095641,-0.15599,-0.2233,-0.048411,-0.0036338,0.02118,-0.34395,-0.052681,-0.044135,0.072151,-0.077029,-0.15118,0.025845,0.23983,-0.10124,-0.0011671,-0.09155,0.10818,0.088793,0.044682,0.086979,-0.18368
0.14488,0.081097,-0.13449,-0.13168,0.077122,-0.41548,0.080972,0.081922,0.0096565,-0.10815,-0.023417,0.04645,-0.17622,-0.089552,-0.22286,0.069576,0.010744,-0.12321,0.018819,0.070546,0.2859,-0.031179,-0.51566,-0.056251,-0.59625,0.073191,0.11393,-0.054814,-0.11365,0.058085,0.056414,0.010614,0.1216,-0.1102,-0.1131,-0.13109,0.052643,0.063015,0.15385,-0.23793,-0.14992,-0.075742,-0.0037102,0.044715,-0.035243,-0.04299,0.16094,-0.1402,-0.104,-0.023679,0.17282,0.044878,0.05317,0.10783,-0.16792
0.027518,0.063634,0.065578,0.16383,0.27825,-0.21948,0.058989,0.11529,-0.051562,0.1024,-0.083354,-0.03899,-0.070075,0.034275,0.040404,-0.15793,0.099,-0.15858,0.0044312,0.087021,0.041762,-0.015945,-0.43065,-0.099321,-0.56906,0.10145,0.045354,-0.027401,0.019508,0.096437,0.051951,0.0041309,-0.11885,-0.16446,0.080725,0.12821,0.087249,0.054362,0.28361,-0.10035,-0.05071,-0.039433,-0.18587,-0.02981,-0.020467,0.019551,0.10628,-0.010152,0.086774,-0.070162,0.046525,0.041412,-0.033507,0.095987,-0.18758
0.20885,0.20251,0.036928,0.28892,0.13095,-0.29788,-0.1136,0.0020609,-0.16052,0.13226,0.049361,-0.023736,0.11553,0.1166,-0.0089022,0.16996,0.036955,-0.037172,0.010035,0.023911,-0.024672,0.031086,-0.5424,-0.024601,-0.68721,-0.080854,0.05761,-0.078858,-0.01138,0.038879,0.0054671,0.051783,0.0019172,-0.18879,-0.0054395,0.16469,0.092323,0.063708,0.28299,0.024237,-0.089907,-0.069437,0.20109,0.12308,-0.017126,-0.13123,-0.037162,0.050682,0.0077831,0.095794,0.073694,0.061144,-0.020823,0.10997,-0.32077
0.51679,0.22989,-0.0012316,0.2654,0.15332,-0.16384,0.16109,0.097584,-0.36342,-0.0029683,0.062705,-0.14986,0.061161,0.10086,0.01566,0.036577,-0.084927,-0.0029222,-0.046869,-0.15628,-0.10721,0.1682,-0.56606,-0.046594,-0.51917,-0.033495,0.0041723,-0.027292,0.062413,0.062246,-0.012869,0.049676,-0.03466,-0.17296,0.049275,0.48193,0.14926,0.062281,0.10907,0.085861,0.12128,0.074991,0.0047092,0.034529,0.12312,0.030441,0.022401,0.024564,0.050184,-0.039069,-0.059691,-0.031073,-0.14791,0.16802,-0.28325
0.69884,0.41992,-0.0049302,0.10124,-0.038464,-0.31761,-0.0056602,0.14297,-0.16993,0.050923,-0.015859,-0.095871,0.126,0.07654,-0.0021434,0.34259,-0.21207,-0.01397,-0.051086,-0.041407,-0.15488,0.028755,-0.53798,-0.049829,-0.36256,0.012873,-0.004833,-0.090922,0.035797,0.033876,0.075406,0.073206,0.04604,0.061905,-0.027705,0.40881,0.00077577,-0.062767,-0.13961,-0.056174,-0.0092326,0.24618,0.12598,0.03214,0.027157,-0.010184,-0.11328,-0.09579,0.083044,-0.043856,0.016675,-0.088947,-0.10015,0.072785,-0.34159
0.65212,0.34046,0.071678,-0.22324,-0.059828,-0.24258,0.084345,0.18903,-0.38592,0.16168,-0.1084,-0.16028,-0.098228,-0.16652,0.12458,0.30775,-0.07218,0.18068,-0.032625,-0.12996,0.10421,0.01712,-0.50292,0.094481,-0.24668,0.057185,0.1533,-0.078678,-0.0020829,-0.014212,-0.029626,0.088296,0.022292,0.085549,-0.062057,0.12579,-0.14912,-0.17146,-0.21976,-0.11559,0.070366,0.05339,-0.0033265,-0.003176,-0.059177,0.10119,-0.042263,-0.12463,0.047974,-4.4093e-05,-0.035786,-0.037288,0.019296,-0.16208,-0.28793
0.066985,0.26415,0.19955,-0.21749,0.0043445,-0.095807,0.14291,0.11445,-0.27702,-0.097792,0.11601,0.094272,-0.11424,-0.13415,0.11273,0.046168,-0.066569,-0.0041686,-0.13226,-0.19425,0.025124,-0.019531,-0.62921,0.050454,-0.45455,0.24333,0.28058,-0.037931,0.042176,-0.01909,0.0046294,0.063445,0.060373,0.12794,-0.14711,-0.15526,-0.099264,-0.092595,-0.25374,-0.15624,0.031094,0.077208,0.022711,0.030601,-0.040027,0.24861,0.020207,-0.016755,0.053568,0.031351,-0.099488,-0.020277,-0.0063768,-0.0015677,-0.24883
0.082364,0.11375,0.16099,-0.27096,0.2731,-0.22903,0.15939,0.16527,-0.067862,-0.062382,-0.26406,0.12332,-0.064594,-0.15624,0.21292,0.089832,-0.0052099,-0.013459,-0.015561,-0.15666,-0.033981,-0.052602,-0.65312,-0.028409,-0.53407,0.19083,0.20764,-0.0062368,-0.073769,-0.14261,0.0074691,0.075987,0.015847,0.020884,-0.072506,-0.29519,-0.021548,-0.095028,-0.36695,0.11055,0.023287,-0.065694,-0.097942,-0.058735,-0.045499,0.19342,0.075476,-0.076634,0.025793,-0.025235,-0.030428,-0.050494,-0.010343,0.075666,-0.15825
0.20735,0.20084,0.17262,-0.095432,0.28039,-0.18131,0.15506,0.16542,-0.052869,-0.19421,-0.31662,0.22067,0.00024967,0.010536,-0.031748,-0.03989,0.020968,-0.25246,-0.014182,0.056715,-0.074318,0.0088488,-0.61439,0.032227,-0.40076,-0.094194,0.084328,0.0070405,-0.0017973,-0.058428,0.076273,0.0016222,-0.046924,-0.054244,0.0023127,-0.40286,0.087835,-0.022594,-0.11544,0.12578,-0.040016,0.092956,-0.18545,-0.0021251,-0.079789,0.14699,0.10559,0.0014365,-0.05169,0.028828,-0.030276,-0.045648,-0.042666,0.027011,-0.25845
-0.017943,0.077831,0.14896,-0.087952,0.45128,-0.11475,0.08271,-0.084791,-0.12245,-0.15961,0.15426,0.13093,0.048519,0.076722,0.10405,0.034384,0.025391,-0.23694,-0.0041235,0.0080128,-0.16606,0.064311,-0.47213,-0.094795,-0.53316,0.056823,0.039916,0.045684,-0.067391,-0.15752,0.18927,0.041928,-0.0042024,-0.089411,-0.030149,-0.33295,0.1035,0.11326,-0.063266,0.26648,-0.078351,-0.15669,-0.083296,-0.046718,-0.20391,0.076408,0.11276,-0.0045465,-0.018369,-0.020331,-0.0027957,-0.052328,-0.075853,0.080433,-0.07632
0.33934,0.12775,-0.047635,0.068135,0.14017,-0.35384,-0.0056199,-0.066657,-0.012214,-0.19741,-0.045609,0.10484,0.1791,0.041899,-0.050693,0.0066883,-0.10226,-0.1488,0.011263,0.19923,-0.12099,0.048612,-0.42015,-0.13965,-0.37439,-0.052337,-0.085752,0.01967,-0.1506,-0.2429,0.30149,0.023043,-0.014369,-0.11723,-0.043399,-0.15874,0.14808,0.13413,0.032029,0.086428,-0.082884,-0.040402,-0.091212,-0.098918,-0.16423,-0.17033,0.12423,-0.056576,-0.085104,-0.12304,0.049286,0.088315,-0.057997,0.069779,-0.19003
0.36411,0.1403,-0.097736,0.052205,0.17375,-0.35551,-0.086754,-0.0007046,-0.022449,-0.12967,-0.10715,0.021864,0.051102,-0.05903,-0.19602,-0.0058378,-0.041477,-0.13363,-0.039369,0.17159,-0.28507,-0.00027231,-0.38503,-0.11004,-0.167,-0.022993,-0.0022386,-0.034128,0.013021,-0.10734,0.10612,-0.1115,0.069817,-0.043513,-0.0034656,0.16396,0.07694,0.19301,0.032484,0.20431,-0.019434,0.024064,-0.077109,-0.025814,-0.067605,-0.24838,0.051101,-0.21498,0.15496,-0.089952,0.040126,0.015689,-0.11181,0.0026068,-0.23106
0.20162,0.25878,-0.042496,-0.032152,0.088631,-0.3336,0.34649,0.039401,-0.21921,-0.14761,0.15173,-0.11893,-0.073322,-0.10964,0.054711,-0.067812,-0.053281,0.11786,-0.050502,0.18053,0.042577,0.13518,-0.44332,-0.067889,-0.37113,-0.021568,0.061101,0.012728,-0.10843,-0.16535,0.096277,-0.11871,-4.6902e-05,-0.14824,-0.029162,0.15572,0.06593,0.19391,0.09996,-0.27378,-0.007835,0.044687,0.012198,0.053129,-0.09299,-0.29742,0.023927,-0.11234,0.026961,-0.029902,0.16065,0.13836,-0.066976,0.062118,-0.3207
0.141,0.19603,-0.035867,0.17268,-0.18612,-0.23079,0.017464,0.030704,-0.3012,0.11844,0.2685,-0.009133,-0.11556,-0.094492,-0.029452,0.022588,0.029039,0.20331,-0.017882,-0.0055867,0.15322,0.12252,-0.45558,-0.09716,-0.61458,0.099757,0.15201,-0.054407,-0.071357,-0.13397,0.0080456,-0.13329,0.10361,-0.2287,0.029961,0.26295,-0.051148,0.24986,0.10124,-0.16002,-0.07251,-0.010824,-0.12116,0.11563,-0.052203,-0.16375,0.10724,-0.14975,-0.037453,0.13811,0.2133,0.03261,-0.089388,-0.12284,-0.26704
0.48529,0.21223,0.14194,0.18618,0.04095,-0.47742,0.15027,0.20414,-0.074357,0.20043,-0.32172,-0.038399,0.012552,-0.037,-0.065599,-0.11995,-0.09864,0.13374,0.089187,0.15443,0.19758,0.17613,-0.75933,-0.074078,-0.46014,-0.2321,-0.01711,-0.059192,0.056421,-0.069795,-0.23603,-0.14943,-0.042553,-0.38521,0.05647,0.3802,-0.058759,0.13922,-0.075357,-0.21261,0.047385,-0.10814,-0.14518,0.068375,0.099646,0.026628,0.14247,0.01002,0.088149,0.040521,0.1202,-0.036651,-0.046599,0.084197,-0.35199
0.69241,0.29592,0.12143,0.10434,-0.33088,-0.50002,0.29049,0.11573,-0.16174,0.29214,-0.037394,-0.061844,-0.11309,-0.067172,-0.03372,-0.012905,-0.12367,0.078866,0.21497,0.21346,0.45507,0.21111,-0.86396,0.012551,-0.42934,-0.22383,0.039725,-0.077952,0.025567,0.056918,-0.145,-0.14218,0.1723,-0.40764,0.084232,0.13728,-0.09476,0.14969,0.046041,-0.34432,0.047543,-0.079799,0.12148,0.10398,0.095328,0.13083,0.10204,0.04593,-0.062878,0.22631,0.15409,0.040119,0.10968,0.00014221,-0.40642
0.42927,0.34092,0.22086,-0.090131,-0.24344,-0.39836,0.29519,0.3519,-0.41063,0.52482,0.38583,-0.036863,-0.10799,-0.10572,0.00057219,-0.046037,-0.093678,0.03934,0.12603,0.076306,0.18807,0.16213,-0.76701,-0.026355,-0.31442,-0.194,0.055456,-0.10224,0.063922,0.098456,-0.1231,-0.080103,0.11667,-0.35669,0.0072296,0.015547,-0.025553,0.15351,-0.047874,-0.20844,0.078797,-0.03719,0.26931,0.023012,0.059042,0.34803,0.17669,-0.048052,0.039806,0.18897,0.13242,0.044316,0.090708,-0.13792,-0.25466
0.31726,0.073937,0.24423,-0.13611,-0.059972,-0.30706,0.40863,0.28564,-0.27868,0.42213,-0.27263,-0.093333,-0.033284,-0.16826,-0.058489,-0.13711,-0.029315,-0.00025951,-0.063632,0.10668,0.11666,-0.0026678,-0.4487,-0.1929,-0.39151,-0.039958,0.056313,-0.11329,0.011287,0.16824,-0.097966,-0.062864,0.097164,-0.073379,0.027931,0.060144,0.029777,0.060945,-0.2584,0.077194,0.024885,-0.1526,0.18699,-0.059788,-0.013961,0.20543,0.12343,-0.039643,0.043879,-0.021559,0.1099,0.028595,-0.075624,-0.21594,-0.11013
